ID,DataRow ID,Labeled Data,Label,Created By,Project Name,Created At,Updated At,Seconds to Label,External ID,Agreement,Benchmark Agreement,Benchmark ID,Benchmark Reference ID,Dataset Name,Reviews,View Label
ckezhesj200003b5rswg7mqkp,ckezh7k3mp0kr0br67g6if7bj,https://storage.labelbox.com/ckcc2tzldaw1l0862rlfv4196%2F621d2ff5-c136-7f62-fe22-7426682cb6ac-MVIMG_20200911_164611.jpg?Expires=1601264248804&KeyName=labelbox-assets-key-1&Signature=4lU0Nmu6565ZYOu63zZDM27z4m4,"{""objects"":[{""featureId"":""ckezhepbo01u70y717nkd1t45"",""schemaId"":""ckezhaj4i02wd0y926cu918vc"",""title"":""B22"",""value"":""b22"",""color"":""#FFFF00"",""bbox"":{""top"":1321,""left"":1626,""height"":779,""width"":674},""instanceURI"":""https://api.labelbox.com/masks/feature/ckezhepbo01u70y717nkd1t45?token=eyJhbGciOiJIUzI1NiIsInR5cCI6IkpXVCJ9.eyJ1c2VySWQiOiJja2NjMnR6bTlpeWZ3MDc3OXBjenF4NWtlIiwib3JnYW5pemF0aW9uSWQiOiJja2NjMnR6bGRhdzFsMDg2MnJsZnY0MTk2IiwiaWF0IjoxNjAwMDU0NjQ4LCJleHAiOjE2MDI2NDY2NDh9.9bFUJago2nRmsCr4MLQQnRr_C6g-hiXF38F_Zt6mAdY""}],""classifications"":[]}",andrewjwalker251@gmail.com,lightbulbs,1599903795000,1599903921000,47.973,MVIMG_20200911_164611.jpg,-1,-1,,,first_light_bulb,[],https://editor.labelbox.com?project=ckezh0p9riwjg0708ynbnp76q&label=ckezhesj200003b5rswg7mqkp
ckezhfjdt00013b5rl8oq24bb,ckezh7k3mp0l30br647346ecs,https://storage.labelbox.com/ckcc2tzldaw1l0862rlfv4196%2Fbcd12e3d-184d-5604-232e-43da29eb6f40-MVIMG_20200911_164636.jpg?Expires=1601264248806&KeyName=labelbox-assets-key-1&Signature=b5RLPJIoh84_hTr8cpf82D0UCuI,"{""objects"":[{""featureId"":""ckezhf6dr00v70y7bfoc7f77u"",""schemaId"":""ckezhaj4i02wd0y926cu918vc"",""title"":""B22"",""value"":""b22"",""color"":""#FFFF00"",""bbox"":{""top"":1620,""left"":1071,""height"":933,""width"":899},""instanceURI"":""https://api.labelbox.com/masks/feature/ckezhf6dr00v70y7bfoc7f77u?token=eyJhbGciOiJIUzI1NiIsInR5cCI6IkpXVCJ9.eyJ1c2VySWQiOiJja2NjMnR6bTlpeWZ3MDc3OXBjenF4NWtlIiwib3JnYW5pemF0aW9uSWQiOiJja2NjMnR6bGRhdzFsMDg2MnJsZnY0MTk2IiwiaWF0IjoxNjAwMDU0NjQ4LCJleHAiOjE2MDI2NDY2NDh9.9bFUJago2nRmsCr4MLQQnRr_C6g-hiXF38F_Zt6mAdY""}],""classifications"":[]}",andrewjwalker251@gmail.com,lightbulbs,1599903829000,1599904117000,24.604000000000003,MVIMG_20200911_164636.jpg,-1,-1,,,first_light_bulb,[],https://editor.labelbox.com?project=ckezh0p9riwjg0708ynbnp76q&label=ckezhfjdt00013b5rl8oq24bb
ckezhfsl900023b5rg8qfm6xh,ckezh7k3mp0lf0br6ecex7et2,https://storage.labelbox.com/ckcc2tzldaw1l0862rlfv4196%2Fe88d80f1-fb8f-f865-02a0-66e00125aeb8-MVIMG_20200911_164706.jpg?Expires=1601264248806&KeyName=labelbox-assets-key-1&Signature=7r3rvNKfUqD1iL4ejbnsafR-TEY,"{""objects"":[{""featureId"":""ckezhfrme00w10y7bhuur8fa8"",""schemaId"":""ckezhaj4i02wd0y926cu918vc"",""title"":""B22"",""value"":""b22"",""color"":""#FFFF00"",""bbox"":{""top"":1637,""left"":1204,""height"":625,""width"":695},""instanceURI"":""https://api.labelbox.com/masks/feature/ckezhfrme00w10y7bhuur8fa8?token=eyJhbGciOiJIUzI1NiIsInR5cCI6IkpXVCJ9.eyJ1c2VySWQiOiJja2NjMnR6bTlpeWZ3MDc3OXBjenF4NWtlIiwib3JnYW5pemF0aW9uSWQiOiJja2NjMnR6bGRhdzFsMDg2MnJsZnY0MTk2IiwiaWF0IjoxNjAwMDU0NjQ4LCJleHAiOjE2MDI2NDY2NDh9.9bFUJago2nRmsCr4MLQQnRr_C6g-hiXF38F_Zt6mAdY""}],""classifications"":[]}",andrewjwalker251@gmail.com,lightbulbs,1599903841000,1599904118000,7.598,MVIMG_20200911_164706.jpg,-1,-1,,,first_light_bulb,[],https://editor.labelbox.com?project=ckezh0p9riwjg0708ynbnp76q&label=ckezhfsl900023b5rg8qfm6xh
ckezhg8zn00033b5r1n4gfdmv,ckezh7k3lp0ij0br6bvadd646,https://storage.labelbox.com/ckcc2tzldaw1l0862rlfv4196%2F1c8916fa-934e-6f4e-f07c-62003424a598-IMG_20200911_164514.jpg?Expires=1601264248806&KeyName=labelbox-assets-key-1&Signature=SqUatqo69WrWFjwvXzHvN-Bp4PQ,"{""objects"":[{""featureId"":""ckezhg1di00wc0y7b50o083cs"",""schemaId"":""ckezhaj4i02wd0y926cu918vc"",""title"":""B22"",""value"":""b22"",""color"":""#FFFF00"",""bbox"":{""top"":1153,""left"":1248,""height"":440,""width"":572},""instanceURI"":""https://api.labelbox.com/masks/feature/ckezhg1di00wc0y7b50o083cs?token=eyJhbGciOiJIUzI1NiIsInR5cCI6IkpXVCJ9.eyJ1c2VySWQiOiJja2NjMnR6bTlpeWZ3MDc3OXBjenF4NWtlIiwib3JnYW5pemF0aW9uSWQiOiJja2NjMnR6bGRhdzFsMDg2MnJsZnY0MTk2IiwiaWF0IjoxNjAwMDU0NjQ4LCJleHAiOjE2MDI2NDY2NDh9.9bFUJago2nRmsCr4MLQQnRr_C6g-hiXF38F_Zt6mAdY""}],""classifications"":[]}",andrewjwalker251@gmail.com,lightbulbs,1599903863000,1599904119000,11.006,IMG_20200911_164514.jpg,-1,-1,,,first_light_bulb,[],https://editor.labelbox.com?project=ckezh0p9riwjg0708ynbnp76q&label=ckezhg8zn00033b5r1n4gfdmv
ckezhgi2t00043b5r96nh0wc7,ckezh7k3lp0iv0br62zwj6ux3,https://storage.labelbox.com/ckcc2tzldaw1l0862rlfv4196%2Fda2f4192-4c1a-cf5c-f443-26aa513ff7aa-IMG_20200911_164718.jpg?Expires=1601264248807&KeyName=labelbox-assets-key-1&Signature=XTmyFF0yBE6hIdjyCDB0WAb2k7U,"{""objects"":[{""featureId"":""ckezhgg4a02rs0y85hdxrgzxp"",""schemaId"":""ckezhaj4i02wd0y926cu918vc"",""title"":""B22"",""value"":""b22"",""color"":""#FFFF00"",""bbox"":{""top"":1329,""left"":1257,""height"":608,""width"":669},""instanceURI"":""https://api.labelbox.com/masks/feature/ckezhgg4a02rs0y85hdxrgzxp?token=eyJhbGciOiJIUzI1NiIsInR5cCI6IkpXVCJ9.eyJ1c2VySWQiOiJja2NjMnR6bTlpeWZ3MDc3OXBjenF4NWtlIiwib3JnYW5pemF0aW9uSWQiOiJja2NjMnR6bGRhdzFsMDg2MnJsZnY0MTk2IiwiaWF0IjoxNjAwMDU0NjQ4LCJleHAiOjE2MDI2NDY2NDh9.9bFUJago2nRmsCr4MLQQnRr_C6g-hiXF38F_Zt6mAdY""}],""classifications"":[]}",andrewjwalker251@gmail.com,lightbulbs,1599903874000,1599904119000,5.989,IMG_20200911_164718.jpg,-1,-1,,,first_light_bulb,[],https://editor.labelbox.com?project=ckezh0p9riwjg0708ynbnp76q&label=ckezhgi2t00043b5r96nh0wc7
ckezhgpza00053b5rv70rwo0h,ckezh7k3lp0j70br683361g81,https://storage.labelbox.com/ckcc2tzldaw1l0862rlfv4196%2F2a477941-0946-c12b-3466-7d00e9237cca-MVIMG_20200911_164450.jpg?Expires=1601264248807&KeyName=labelbox-assets-key-1&Signature=mGreDq-75oG66I7UGS1mjbc8sxs,"{""objects"":[{""featureId"":""ckezhgp5o01hb0z6v7qfg5zqg"",""schemaId"":""ckezhaj4i02wd0y926cu918vc"",""title"":""B22"",""value"":""b22"",""color"":""#FFFF00"",""bbox"":{""top"":880,""left"":1019,""height"":599,""width"":660},""instanceURI"":""https://api.labelbox.com/masks/feature/ckezhgp5o01hb0z6v7qfg5zqg?token=eyJhbGciOiJIUzI1NiIsInR5cCI6IkpXVCJ9.eyJ1c2VySWQiOiJja2NjMnR6bTlpeWZ3MDc3OXBjenF4NWtlIiwib3JnYW5pemF0aW9uSWQiOiJja2NjMnR6bGRhdzFsMDg2MnJsZnY0MTk2IiwiaWF0IjoxNjAwMDU0NjQ4LCJleHAiOjE2MDI2NDY2NDh9.9bFUJago2nRmsCr4MLQQnRr_C6g-hiXF38F_Zt6mAdY""}],""classifications"":[]}",andrewjwalker251@gmail.com,lightbulbs,1599903885000,1599904120000,14.711000000000002,MVIMG_20200911_164450.jpg,-1,-1,,,first_light_bulb,[],https://editor.labelbox.com?project=ckezh0p9riwjg0708ynbnp76q&label=ckezhgpza00053b5rv70rwo0h
ckezhhbuf00063b5rkawpumaw,ckezh7k3lp0jj0br6474adlgm,https://storage.labelbox.com/ckcc2tzldaw1l0862rlfv4196%2Ff4bd03ae-1e5e-ad21-9950-684b037ffe81-MVIMG_20200911_164501.jpg?Expires=1601264248807&KeyName=labelbox-assets-key-1&Signature=9YvciEneDcL9EMJ2OFzaTOSkwHQ,"{""objects"":[{""featureId"":""ckezhh4d302sl0y859dhr3dbp"",""schemaId"":""ckezhaj4i02wd0y926cu918vc"",""title"":""B22"",""value"":""b22"",""color"":""#FFFF00"",""bbox"":{""top"":1681,""left"":1582,""height"":432,""width"":476},""instanceURI"":""https://api.labelbox.com/masks/feature/ckezhh4d302sl0y859dhr3dbp?token=eyJhbGciOiJIUzI1NiIsInR5cCI6IkpXVCJ9.eyJ1c2VySWQiOiJja2NjMnR6bTlpeWZ3MDc3OXBjenF4NWtlIiwib3JnYW5pemF0aW9uSWQiOiJja2NjMnR6bGRhdzFsMDg2MnJsZnY0MTk2IiwiaWF0IjoxNjAwMDU0NjQ4LCJleHAiOjE2MDI2NDY2NDh9.9bFUJago2nRmsCr4MLQQnRr_C6g-hiXF38F_Zt6mAdY""}],""classifications"":[]}",andrewjwalker251@gmail.com,lightbulbs,1599903913000,1599904121000,6.191,MVIMG_20200911_164501.jpg,-1,-1,,,first_light_bulb,[],https://editor.labelbox.com?project=ckezh0p9riwjg0708ynbnp76q&label=ckezhhbuf00063b5rkawpumaw
ckezhhmv200073b5re4f8ehyv,ckezh7k3lp0jv0br6hrhebc75,https://storage.labelbox.com/ckcc2tzldaw1l0862rlfv4196%2F5924a355-8fe7-b13f-66f6-d0cb66d24dda-MVIMG_20200911_164522.jpg?Expires=1601264248807&KeyName=labelbox-assets-key-1&Signature=CGA69yUyXvLhV8n2b9N1rmhwkLk,"{""objects"":[{""featureId"":""ckezhhi0w01yn0y719zkk5wy0"",""schemaId"":""ckezhaj4i02wd0y926cu918vc"",""title"":""B22"",""value"":""b22"",""color"":""#FFFF00"",""bbox"":{""top"":2095,""left"":1979,""height"":388,""width"":369},""instanceURI"":""https://api.labelbox.com/masks/feature/ckezhhi0w01yn0y719zkk5wy0?token=eyJhbGciOiJIUzI1NiIsInR5cCI6IkpXVCJ9.eyJ1c2VySWQiOiJja2NjMnR6bTlpeWZ3MDc3OXBjenF4NWtlIiwib3JnYW5pemF0aW9uSWQiOiJja2NjMnR6bGRhdzFsMDg2MnJsZnY0MTk2IiwiaWF0IjoxNjAwMDU0NjQ4LCJleHAiOjE2MDI2NDY2NDh9.9bFUJago2nRmsCr4MLQQnRr_C6g-hiXF38F_Zt6mAdY""}],""classifications"":[]}",andrewjwalker251@gmail.com,lightbulbs,1599903927000,1599904122000,10.016,MVIMG_20200911_164522.jpg,-1,-1,,,first_light_bulb,[],https://editor.labelbox.com?project=ckezh0p9riwjg0708ynbnp76q&label=ckezhhmv200073b5re4f8ehyv
ckezhhwby00083b5r34yzapbt,ckezh7k3mp0k70br6gmh23s9s,https://storage.labelbox.com/ckcc2tzldaw1l0862rlfv4196%2F41722582-2da0-36df-ed16-657b44b36af8-MVIMG_20200911_164546.jpg?Expires=1601264248807&KeyName=labelbox-assets-key-1&Signature=HLBRjwAqjPiUEr0jnYiOmZUfWe0,"{""objects"":[{""featureId"":""ckezhhuo602670y6s5d3oc1f3"",""schemaId"":""ckezhaj4i02wd0y926cu918vc"",""title"":""B22"",""value"":""b22"",""color"":""#FFFF00"",""bbox"":{""top"":1277,""left"":1133,""height"":211,""width"":238},""instanceURI"":""https://api.labelbox.com/masks/feature/ckezhhuo602670y6s5d3oc1f3?token=eyJhbGciOiJIUzI1NiIsInR5cCI6IkpXVCJ9.eyJ1c2VySWQiOiJja2NjMnR6bTlpeWZ3MDc3OXBjenF4NWtlIiwib3JnYW5pemF0aW9uSWQiOiJja2NjMnR6bGRhdzFsMDg2MnJsZnY0MTk2IiwiaWF0IjoxNjAwMDU0NjQ4LCJleHAiOjE2MDI2NDY2NDh9.9bFUJago2nRmsCr4MLQQnRr_C6g-hiXF38F_Zt6mAdY""}],""classifications"":[]}",andrewjwalker251@gmail.com,lightbulbs,1599903939000,1599904122000,11.822,MVIMG_20200911_164546.jpg,-1,-1,,,first_light_bulb,[],https://editor.labelbox.com?project=ckezh0p9riwjg0708ynbnp76q&label=ckezhhwby00083b5r34yzapbt
ckezhi5n200093b5rf3y0fhfw,ckezh7k3mp0kj0br67hzt0g5l,https://storage.labelbox.com/ckcc2tzldaw1l0862rlfv4196%2Fb2b3775c-ad4c-18a2-73f5-da171bd0f5a1-MVIMG_20200911_164603.jpg?Expires=1601264248808&KeyName=labelbox-assets-key-1&Signature=34PpzKHj4D6qyO3ORborDrFHNmg,"{""objects"":[{""featureId"":""ckezhi4us039u0y92h1wsel5a"",""schemaId"":""ckezhaj4i02wd0y926cu918vc"",""title"":""B22"",""value"":""b22"",""color"":""#FFFF00"",""bbox"":{""top"":1954,""left"":1151,""height"":476,""width"":519},""instanceURI"":""https://api.labelbox.com/masks/feature/ckezhi4us039u0y92h1wsel5a?token=eyJhbGciOiJIUzI1NiIsInR5cCI6IkpXVCJ9.eyJ1c2VySWQiOiJja2NjMnR6bTlpeWZ3MDc3OXBjenF4NWtlIiwib3JnYW5pemF0aW9uSWQiOiJja2NjMnR6bGRhdzFsMDg2MnJsZnY0MTk2IiwiaWF0IjoxNjAwMDU0NjQ4LCJleHAiOjE2MDI2NDY2NDh9.9bFUJago2nRmsCr4MLQQnRr_C6g-hiXF38F_Zt6mAdY""}],""classifications"":[]}",andrewjwalker251@gmail.com,lightbulbs,1599903952000,1599904123000,5.17,MVIMG_20200911_164603.jpg,-1,-1,,,first_light_bulb,[],https://editor.labelbox.com?project=ckezh0p9riwjg0708ynbnp76q&label=ckezhi5n200093b5rf3y0fhfw
ckezhichp000a3b5r7r6wz4mh,ckezh7k3mp0kv0br62c2b8ru0,https://storage.labelbox.com/ckcc2tzldaw1l0862rlfv4196%2F2ae8d4e8-923d-dfd2-124f-f7f342629025-MVIMG_20200911_164626.jpg?Expires=1601264248808&KeyName=labelbox-assets-key-1&Signature=yGbdJh2hVTUkTOHwD6mHhxkoynY,"{""objects"":[{""featureId"":""ckezhibnr02ve0y85a8jedir5"",""schemaId"":""ckezhaj4i02wd0y926cu918vc"",""title"":""B22"",""value"":""b22"",""color"":""#FFFF00"",""bbox"":{""top"":2122,""left"":1433,""height"":660,""width"":554},""instanceURI"":""https://api.labelbox.com/masks/feature/ckezhibnr02ve0y85a8jedir5?token=eyJhbGciOiJIUzI1NiIsInR5cCI6IkpXVCJ9.eyJ1c2VySWQiOiJja2NjMnR6bTlpeWZ3MDc3OXBjenF4NWtlIiwib3JnYW5pemF0aW9uSWQiOiJja2NjMnR6bGRhdzFsMDg2MnJsZnY0MTk2IiwiaWF0IjoxNjAwMDU0NjQ4LCJleHAiOjE2MDI2NDY2NDh9.9bFUJago2nRmsCr4MLQQnRr_C6g-hiXF38F_Zt6mAdY""}],""classifications"":[]}",andrewjwalker251@gmail.com,lightbulbs,1599903960000,1599904124000,5.181,MVIMG_20200911_164626.jpg,-1,-1,,,first_light_bulb,[],https://editor.labelbox.com?project=ckezh0p9riwjg0708ynbnp76q&label=ckezhichp000a3b5r7r6wz4mh
ckezhik26000b3b5racwg3grj,ckezh7k3mp0l70br60yezfk8f,https://storage.labelbox.com/ckcc2tzldaw1l0862rlfv4196%2F5f07d1bc-daaf-7be9-8cec-c4a4f4dfcc89-MVIMG_20200911_164642.jpg?Expires=1601264248808&KeyName=labelbox-assets-key-1&Signature=ruA8JrVxswKqkwjarjYj_vNyecU,"{""objects"":[{""featureId"":""ckezhiizb02vt0y858nwje7t8"",""schemaId"":""ckezhaj4i02wd0y926cu918vc"",""title"":""B22"",""value"":""b22"",""color"":""#FFFF00"",""bbox"":{""top"":968,""left"":1221,""height"":828,""width"":872},""instanceURI"":""https://api.labelbox.com/masks/feature/ckezhiizb02vt0y858nwje7t8?token=eyJhbGciOiJIUzI1NiIsInR5cCI6IkpXVCJ9.eyJ1c2VySWQiOiJja2NjMnR6bTlpeWZ3MDc3OXBjenF4NWtlIiwib3JnYW5pemF0aW9uSWQiOiJja2NjMnR6bGRhdzFsMDg2MnJsZnY0MTk2IiwiaWF0IjoxNjAwMDU0NjQ4LCJleHAiOjE2MDI2NDY2NDh9.9bFUJago2nRmsCr4MLQQnRr_C6g-hiXF38F_Zt6mAdY""}],""classifications"":[]}",andrewjwalker251@gmail.com,lightbulbs,1599903970000,1599904124000,9.362,MVIMG_20200911_164642.jpg,-1,-1,,,first_light_bulb,[],https://editor.labelbox.com?project=ckezh0p9riwjg0708ynbnp76q&label=ckezhik26000b3b5racwg3grj
ckezhitap000c3b5rjqifj89p,ckezh7k3lp0in0br6f1bp3wtt,https://storage.labelbox.com/ckcc2tzldaw1l0862rlfv4196%2Ff54d1084-9dd6-677b-bfbc-eabab6d76a14-IMG_20200911_164524.jpg?Expires=1601264248808&KeyName=labelbox-assets-key-1&Signature=0DSvkO5ZYqoDrTztYpnn1Q-OtXc,"{""objects"":[{""featureId"":""ckezhippy010h0y7b8pnu9v5f"",""schemaId"":""ckezhaj4i02wd0y926cu918vc"",""title"":""B22"",""value"":""b22"",""color"":""#FFFF00"",""bbox"":{""top"":1972,""left"":1917,""height"":246,""width"":246},""instanceURI"":""https://api.labelbox.com/masks/feature/ckezhippy010h0y7b8pnu9v5f?token=eyJhbGciOiJIUzI1NiIsInR5cCI6IkpXVCJ9.eyJ1c2VySWQiOiJja2NjMnR6bTlpeWZ3MDc3OXBjenF4NWtlIiwib3JnYW5pemF0aW9uSWQiOiJja2NjMnR6bGRhdzFsMDg2MnJsZnY0MTk2IiwiaWF0IjoxNjAwMDU0NjQ4LCJleHAiOjE2MDI2NDY2NDh9.9bFUJago2nRmsCr4MLQQnRr_C6g-hiXF38F_Zt6mAdY""}],""classifications"":[]}",andrewjwalker251@gmail.com,lightbulbs,1599903982000,1599904125000,8.214,IMG_20200911_164524.jpg,-1,-1,,,first_light_bulb,[],https://editor.labelbox.com?project=ckezh0p9riwjg0708ynbnp76q&label=ckezhitap000c3b5rjqifj89p
ckezhj3ob000d3b5rt76tirje,ckezh7k3lp0iz0br610bvc40i,https://storage.labelbox.com/ckcc2tzldaw1l0862rlfv4196%2F3cc67785-23ee-12f5-edbb-f6215a7aadc2-IMG_20200911_164729.jpg?Expires=1601264248809&KeyName=labelbox-assets-key-1&Signature=O7UAc3aGzhcmbj7ys_FvVjgVPn4,"{""objects"":[{""featureId"":""ckezhj2tw021t0y715hws4ypa"",""schemaId"":""ckezhaj4i02wd0y926cu918vc"",""title"":""B22"",""value"":""b22"",""color"":""#FFFF00"",""bbox"":{""top"":2377,""left"":1125,""height"":546,""width"":563},""instanceURI"":""https://api.labelbox.com/masks/feature/ckezhj2tw021t0y715hws4ypa?token=eyJhbGciOiJIUzI1NiIsInR5cCI6IkpXVCJ9.eyJ1c2VySWQiOiJja2NjMnR6bTlpeWZ3MDc3OXBjenF4NWtlIiwib3JnYW5pemF0aW9uSWQiOiJja2NjMnR6bGRhdzFsMDg2MnJsZnY0MTk2IiwiaWF0IjoxNjAwMDU0NjQ4LCJleHAiOjE2MDI2NDY2NDh9.9bFUJago2nRmsCr4MLQQnRr_C6g-hiXF38F_Zt6mAdY""}],""classifications"":[]}",andrewjwalker251@gmail.com,lightbulbs,1599903996000,1599904125000,5.745,IMG_20200911_164729.jpg,-1,-1,,,first_light_bulb,[],https://editor.labelbox.com?project=ckezh0p9riwjg0708ynbnp76q&label=ckezhj3ob000d3b5rt76tirje
ckezhjc5a000e3b5r8t5pgp6a,ckezh7k3lp0jb0br664ufb3ow,https://storage.labelbox.com/ckcc2tzldaw1l0862rlfv4196%2F2b59a0cc-6066-c12e-f75e-652171d385ea-MVIMG_20200911_164453.jpg?Expires=1601264248809&KeyName=labelbox-assets-key-1&Signature=wrbX6-rr7ATGX8zsfM1XOo-fBgs,"{""objects"":[{""featureId"":""ckezhjbeg02220y719yk92erm"",""schemaId"":""ckezhaj4i02wd0y926cu918vc"",""title"":""B22"",""value"":""b22"",""color"":""#FFFF00"",""bbox"":{""top"":1690,""left"":1010,""height"":845,""width"":713},""instanceURI"":""https://api.labelbox.com/masks/feature/ckezhjbeg02220y719yk92erm?token=eyJhbGciOiJIUzI1NiIsInR5cCI6IkpXVCJ9.eyJ1c2VySWQiOiJja2NjMnR6bTlpeWZ3MDc3OXBjenF4NWtlIiwib3JnYW5pemF0aW9uSWQiOiJja2NjMnR6bGRhdzFsMDg2MnJsZnY0MTk2IiwiaWF0IjoxNjAwMDU0NjQ4LCJleHAiOjE2MDI2NDY2NDh9.9bFUJago2nRmsCr4MLQQnRr_C6g-hiXF38F_Zt6mAdY""}],""classifications"":[]}",andrewjwalker251@gmail.com,lightbulbs,1599904007000,1599904333000,3.892,MVIMG_20200911_164453.jpg,-1,-1,,,first_light_bulb,[],https://editor.labelbox.com?project=ckezh0p9riwjg0708ynbnp76q&label=ckezhjc5a000e3b5r8t5pgp6a
ckezhjmmc000f3b5rjg9xm3k4,ckezh7k3lp0jn0br67o6hgj75,https://storage.labelbox.com/ckcc2tzldaw1l0862rlfv4196%2F370bb4d0-1fb9-5d44-4ae1-fc247760cde1-MVIMG_20200911_164507.jpg?Expires=1601264248809&KeyName=labelbox-assets-key-1&Signature=OFbT9JF6duGfhzfJgUdO5MhT-HU,"{""objects"":[{""featureId"":""ckezhjiw8011o0y7b8leshkpl"",""schemaId"":""ckezhaj4i02wd0y926cu918vc"",""title"":""B22"",""value"":""b22"",""color"":""#FFFF00"",""bbox"":{""top"":1327,""left"":2016,""height"":462,""width"":502},""instanceURI"":""https://api.labelbox.com/masks/feature/ckezhjiw8011o0y7b8leshkpl?token=eyJhbGciOiJIUzI1NiIsInR5cCI6IkpXVCJ9.eyJ1c2VySWQiOiJja2NjMnR6bTlpeWZ3MDc3OXBjenF4NWtlIiwib3JnYW5pemF0aW9uSWQiOiJja2NjMnR6bGRhdzFsMDg2MnJsZnY0MTk2IiwiaWF0IjoxNjAwMDU0NjQ4LCJleHAiOjE2MDI2NDY2NDh9.9bFUJago2nRmsCr4MLQQnRr_C6g-hiXF38F_Zt6mAdY""}],""classifications"":[]}",andrewjwalker251@gmail.com,lightbulbs,1599904020000,1599904333000,8.696000000000002,MVIMG_20200911_164507.jpg,-1,-1,,,first_light_bulb,[],https://editor.labelbox.com?project=ckezh0p9riwjg0708ynbnp76q&label=ckezhjmmc000f3b5rjg9xm3k4
ckezhjz45000g3b5rwpmxfaeb,ckezh7k3mp0jz0br69j5589l9,https://storage.labelbox.com/ckcc2tzldaw1l0862rlfv4196%2F4f3335c4-3984-175c-1a3c-c2572a40b7e1-MVIMG_20200911_164528.jpg?Expires=1601264248809&KeyName=labelbox-assets-key-1&Signature=fhiSfnDB4rZ3fY42Jlnvo-5kVes,"{""objects"":[{""featureId"":""ckezhjvzf02300y71cn1thdsf"",""schemaId"":""ckezhaj4i02wd0y926cu918vc"",""title"":""B22"",""value"":""b22"",""color"":""#FFFF00"",""bbox"":{""top"":2245,""left"":1547,""height"":202,""width"":229},""instanceURI"":""https://api.labelbox.com/masks/feature/ckezhjvzf02300y71cn1thdsf?token=eyJhbGciOiJIUzI1NiIsInR5cCI6IkpXVCJ9.eyJ1c2VySWQiOiJja2NjMnR6bTlpeWZ3MDc3OXBjenF4NWtlIiwib3JnYW5pemF0aW9uSWQiOiJja2NjMnR6bGRhdzFsMDg2MnJsZnY0MTk2IiwiaWF0IjoxNjAwMDU0NjQ4LCJleHAiOjE2MDI2NDY2NDh9.9bFUJago2nRmsCr4MLQQnRr_C6g-hiXF38F_Zt6mAdY""}],""classifications"":[]}",andrewjwalker251@gmail.com,lightbulbs,1599904036000,1599904334000,11.742999999999999,MVIMG_20200911_164528.jpg,-1,-1,,,first_light_bulb,[],https://editor.labelbox.com?project=ckezh0p9riwjg0708ynbnp76q&label=ckezhjz45000g3b5rwpmxfaeb
ckezhk9xj000h3b5rvpt4jdrh,ckezh7k3mp0kb0br60maseemd,https://storage.labelbox.com/ckcc2tzldaw1l0862rlfv4196%2Fabaec471-c38b-a52e-7c4f-5ac9c814abeb-MVIMG_20200911_164554.jpg?Expires=1601264248811&KeyName=labelbox-assets-key-1&Signature=4F6LkDceq1I4-hwOpWuuC9dBU4Y,"{""objects"":[{""featureId"":""ckezhk5hi029v0y6sgj22cqre"",""schemaId"":""ckezhaj4i02wd0y926cu918vc"",""title"":""B22"",""value"":""b22"",""color"":""#FFFF00"",""bbox"":{""top"":1684,""left"":2320,""height"":468,""width"":515},""instanceURI"":""https://api.labelbox.com/masks/feature/ckezhk5hi029v0y6sgj22cqre?token=eyJhbGciOiJIUzI1NiIsInR5cCI6IkpXVCJ9.eyJ1c2VySWQiOiJja2NjMnR6bTlpeWZ3MDc3OXBjenF4NWtlIiwib3JnYW5pemF0aW9uSWQiOiJja2NjMnR6bGRhdzFsMDg2MnJsZnY0MTk2IiwiaWF0IjoxNjAwMDU0NjQ4LCJleHAiOjE2MDI2NDY2NDh9.9bFUJago2nRmsCr4MLQQnRr_C6g-hiXF38F_Zt6mAdY""}],""classifications"":[]}",andrewjwalker251@gmail.com,lightbulbs,1599904050000,1599904334000,9.64,MVIMG_20200911_164554.jpg,-1,-1,,,first_light_bulb,[],https://editor.labelbox.com?project=ckezh0p9riwjg0708ynbnp76q&label=ckezhk9xj000h3b5rvpt4jdrh
ckezhkg3b000i3b5rsflzqi6h,ckezh7k3mp0kn0br6doa2got0,https://storage.labelbox.com/ckcc2tzldaw1l0862rlfv4196%2F060ca6eb-67a8-4c7d-1a66-faf068a3c8df-MVIMG_20200911_164605.jpg?Expires=1601264248811&KeyName=labelbox-assets-key-1&Signature=TfYQDJlvdWILvgMXVeHvLn5c5T8,"{""objects"":[{""featureId"":""ckezhkf7p01nx0z6v6xaq2lis"",""schemaId"":""ckezhaj4i02wd0y926cu918vc"",""title"":""B22"",""value"":""b22"",""color"":""#FFFF00"",""bbox"":{""top"":1761,""left"":1151,""height"":396,""width"":387},""instanceURI"":""https://api.labelbox.com/masks/feature/ckezhkf7p01nx0z6v6xaq2lis?token=eyJhbGciOiJIUzI1NiIsInR5cCI6IkpXVCJ9.eyJ1c2VySWQiOiJja2NjMnR6bTlpeWZ3MDc3OXBjenF4NWtlIiwib3JnYW5pemF0aW9uSWQiOiJja2NjMnR6bGRhdzFsMDg2MnJsZnY0MTk2IiwiaWF0IjoxNjAwMDU0NjQ4LCJleHAiOjE2MDI2NDY2NDh9.9bFUJago2nRmsCr4MLQQnRr_C6g-hiXF38F_Zt6mAdY""}],""classifications"":[]}",andrewjwalker251@gmail.com,lightbulbs,1599904058000,1599904335000,4.822,MVIMG_20200911_164605.jpg,-1,-1,,,first_light_bulb,[],https://editor.labelbox.com?project=ckezh0p9riwjg0708ynbnp76q&label=ckezhkg3b000i3b5rsflzqi6h
ckezhlqcu00003b5r6exfate3,ckezh7k3mp0kz0br6a81n0fwg,https://storage.labelbox.com/ckcc2tzldaw1l0862rlfv4196%2Faf280014-41c7-c562-e027-a15e02623b7c-MVIMG_20200911_164628.jpg?Expires=1601264248811&KeyName=labelbox-assets-key-1&Signature=n4BgJvUjVxZZ_PE2BTJHmtLmqYs,"{""objects"":[{""featureId"":""ckezhlng802cf0y6s8ea49z60"",""schemaId"":""ckezhaj4i02wd0y926cu918vc"",""title"":""B22"",""value"":""b22"",""color"":""#FFFF00"",""bbox"":{""top"":2465,""left"":2111,""height"":484,""width"":369},""instanceURI"":""https://api.labelbox.com/masks/feature/ckezhlng802cf0y6s8ea49z60?token=eyJhbGciOiJIUzI1NiIsInR5cCI6IkpXVCJ9.eyJ1c2VySWQiOiJja2NjMnR6bTlpeWZ3MDc3OXBjenF4NWtlIiwib3JnYW5pemF0aW9uSWQiOiJja2NjMnR6bGRhdzFsMDg2MnJsZnY0MTk2IiwiaWF0IjoxNjAwMDU0NjQ4LCJleHAiOjE2MDI2NDY2NDh9.9bFUJago2nRmsCr4MLQQnRr_C6g-hiXF38F_Zt6mAdY""}],""classifications"":[]}",andrewjwalker251@gmail.com,lightbulbs,1599904118000,1599904337000,7.84,MVIMG_20200911_164628.jpg,-1,-1,,,first_light_bulb,[],https://editor.labelbox.com?project=ckezh0p9riwjg0708ynbnp76q&label=ckezhlqcu00003b5r6exfate3
ckezhlw7600013b5rjq9sr7kl,ckezh7k3mp0lb0br6212q5t9s,https://storage.labelbox.com/ckcc2tzldaw1l0862rlfv4196%2F7e706470-ffcd-94b2-3d71-bccb51b00977-MVIMG_20200911_164704.jpg?Expires=1601264248811&KeyName=labelbox-assets-key-1&Signature=L__4odY1SI0gcRD0gMzylm3prxs,"{""objects"":[{""featureId"":""ckezhlvdv02cy0y6s1l5s60hw"",""schemaId"":""ckezhaj4i02wd0y926cu918vc"",""title"":""B22"",""value"":""b22"",""color"":""#FFFF00"",""bbox"":{""top"":1655,""left"":1336,""height"":475,""width"":493},""instanceURI"":""https://api.labelbox.com/masks/feature/ckezhlvdv02cy0y6s1l5s60hw?token=eyJhbGciOiJIUzI1NiIsInR5cCI6IkpXVCJ9.eyJ1c2VySWQiOiJja2NjMnR6bTlpeWZ3MDc3OXBjenF4NWtlIiwib3JnYW5pemF0aW9uSWQiOiJja2NjMnR6bGRhdzFsMDg2MnJsZnY0MTk2IiwiaWF0IjoxNjAwMDU0NjQ4LCJleHAiOjE2MDI2NDY2NDh9.9bFUJago2nRmsCr4MLQQnRr_C6g-hiXF38F_Zt6mAdY""}],""classifications"":[]}",andrewjwalker251@gmail.com,lightbulbs,1599904126000,1599904337000,4.061,MVIMG_20200911_164704.jpg,-1,-1,,,first_light_bulb,[],https://editor.labelbox.com?project=ckezh0p9riwjg0708ynbnp76q&label=ckezhlw7600013b5rjq9sr7kl
ckezhm10r00023b5r91pa902g,ckezh7k3lp0ir0br6ghqjfify,https://storage.labelbox.com/ckcc2tzldaw1l0862rlfv4196%2Ff77332b8-7223-5f27-5c3d-56f7fa75341b-IMG_20200911_164620.jpg?Expires=1601264248812&KeyName=labelbox-assets-key-1&Signature=F3SokUxMXWIrnElNa3rWZVDg5K8,"{""objects"":[{""featureId"":""ckezhm08c01q10z6vet7wdk8x"",""schemaId"":""ckezhaj4i02wd0y926cu918vc"",""title"":""B22"",""value"":""b22"",""color"":""#FFFF00"",""bbox"":{""top"":1725,""left"":1468,""height"":370,""width"":396},""instanceURI"":""https://api.labelbox.com/masks/feature/ckezhm08c01q10z6vet7wdk8x?token=eyJhbGciOiJIUzI1NiIsInR5cCI6IkpXVCJ9.eyJ1c2VySWQiOiJja2NjMnR6bTlpeWZ3MDc3OXBjenF4NWtlIiwib3JnYW5pemF0aW9uSWQiOiJja2NjMnR6bGRhdzFsMDg2MnJsZnY0MTk2IiwiaWF0IjoxNjAwMDU0NjQ4LCJleHAiOjE2MDI2NDY2NDh9.9bFUJago2nRmsCr4MLQQnRr_C6g-hiXF38F_Zt6mAdY""}],""classifications"":[]}",andrewjwalker251@gmail.com,lightbulbs,1599904132000,1599904338000,3.538,IMG_20200911_164620.jpg,-1,-1,,,first_light_bulb,[],https://editor.labelbox.com?project=ckezh0p9riwjg0708ynbnp76q&label=ckezhm10r00023b5r91pa902g
ckezhm8vl00033b5rfd2jwmml,ckezh7k3lp0j30br6dmij4i5z,https://storage.labelbox.com/ckcc2tzldaw1l0862rlfv4196%2Fb4abb1e5-c1cd-dd06-5ba8-019eb7866b5a-IMG_20200911_164821.jpg?Expires=1601264248812&KeyName=labelbox-assets-key-1&Signature=jR5xEKhURt7_TWikbMyL0EUFPRw,"{""objects"":[{""featureId"":""ckezhm80i02db0y6s5ku9hyoq"",""schemaId"":""ckezhaj4i02wd0y926cu918vc"",""title"":""B22"",""value"":""b22"",""color"":""#FFFF00"",""bbox"":{""top"":1056,""left"":1983,""height"":846,""width"":852},""instanceURI"":""https://api.labelbox.com/masks/feature/ckezhm80i02db0y6s5ku9hyoq?token=eyJhbGciOiJIUzI1NiIsInR5cCI6IkpXVCJ9.eyJ1c2VySWQiOiJja2NjMnR6bTlpeWZ3MDc3OXBjenF4NWtlIiwib3JnYW5pemF0aW9uSWQiOiJja2NjMnR6bGRhdzFsMDg2MnJsZnY0MTk2IiwiaWF0IjoxNjAwMDU0NjQ4LCJleHAiOjE2MDI2NDY2NDh9.9bFUJago2nRmsCr4MLQQnRr_C6g-hiXF38F_Zt6mAdY""}],""classifications"":[]}",andrewjwalker251@gmail.com,lightbulbs,1599904142000,1599904338000,6.812,IMG_20200911_164821.jpg,-1,-1,,,first_light_bulb,[],https://editor.labelbox.com?project=ckezh0p9riwjg0708ynbnp76q&label=ckezhm8vl00033b5rfd2jwmml
ckezhmgwt00043b5rv0asuel3,ckezh7k3lp0jf0br6foongu4y,https://storage.labelbox.com/ckcc2tzldaw1l0862rlfv4196%2F051c9d5a-c45e-5644-4d24-5c71606021a2-MVIMG_20200911_164457.jpg?Expires=1601264248812&KeyName=labelbox-assets-key-1&Signature=TPNys5vD4CW-x0HX_qqUTmtZQGU,"{""objects"":[{""featureId"":""ckezhmg2b02970y710a3y2dj6"",""schemaId"":""ckezhaj4i02wd0y926cu918vc"",""title"":""B22"",""value"":""b22"",""color"":""#FFFF00"",""bbox"":{""top"":1197,""left"":861,""height"":854,""width"":880},""instanceURI"":""https://api.labelbox.com/masks/feature/ckezhmg2b02970y710a3y2dj6?token=eyJhbGciOiJIUzI1NiIsInR5cCI6IkpXVCJ9.eyJ1c2VySWQiOiJja2NjMnR6bTlpeWZ3MDc3OXBjenF4NWtlIiwib3JnYW5pemF0aW9uSWQiOiJja2NjMnR6bGRhdzFsMDg2MnJsZnY0MTk2IiwiaWF0IjoxNjAwMDU0NjQ4LCJleHAiOjE2MDI2NDY2NDh9.9bFUJago2nRmsCr4MLQQnRr_C6g-hiXF38F_Zt6mAdY""}],""classifications"":[]}",andrewjwalker251@gmail.com,lightbulbs,1599904153000,1599904338000,14.965,MVIMG_20200911_164457.jpg,-1,-1,,,first_light_bulb,[],https://editor.labelbox.com?project=ckezh0p9riwjg0708ynbnp76q&label=ckezhmgwt00043b5rv0asuel3
ckezhmpys00053b5rbysenzap,ckezh7k3lp0jr0br68l4aavyi,https://storage.labelbox.com/ckcc2tzldaw1l0862rlfv4196%2F81064c4f-b8d2-b0f5-d203-def2a1548b19-MVIMG_20200911_164521.jpg?Expires=1601264248813&KeyName=labelbox-assets-key-1&Signature=SDJJh9MEV-euSoWpxcEmXCKglF4,"{""objects"":[{""featureId"":""ckezhmp4d02eh0y6s3z328i73"",""schemaId"":""ckezhaj4i02wd0y926cu918vc"",""title"":""B22"",""value"":""b22"",""color"":""#FFFF00"",""bbox"":{""top"":1972,""left"":1301,""height"":722,""width"":695},""instanceURI"":""https://api.labelbox.com/masks/feature/ckezhmp4d02eh0y6s3z328i73?token=eyJhbGciOiJIUzI1NiIsInR5cCI6IkpXVCJ9.eyJ1c2VySWQiOiJja2NjMnR6bTlpeWZ3MDc3OXBjenF4NWtlIiwib3JnYW5pemF0aW9uSWQiOiJja2NjMnR6bGRhdzFsMDg2MnJsZnY0MTk2IiwiaWF0IjoxNjAwMDU0NjQ4LCJleHAiOjE2MDI2NDY2NDh9.9bFUJago2nRmsCr4MLQQnRr_C6g-hiXF38F_Zt6mAdY""}],""classifications"":[]}",andrewjwalker251@gmail.com,lightbulbs,1599904165000,1599904339000,3.622,MVIMG_20200911_164521.jpg,-1,-1,,,first_light_bulb,[],https://editor.labelbox.com?project=ckezh0p9riwjg0708ynbnp76q&label=ckezhmpys00053b5rbysenzap
ckezhmwhm00063b5r1qxfcu5v,ckezh7k3mp0k30br60ic9hdz8,https://storage.labelbox.com/ckcc2tzldaw1l0862rlfv4196%2Fb467aa08-6d4a-c718-4966-7af27befd2ca-MVIMG_20200911_164543.jpg?Expires=1601264248813&KeyName=labelbox-assets-key-1&Signature=ylMEQOjKDALEQlNMkKuMkj0Fi60,"{""objects"":[{""featureId"":""ckezhmvgu02ez0y6shibed0j7"",""schemaId"":""ckezhaj4i02wd0y926cu918vc"",""title"":""B22"",""value"":""b22"",""color"":""#FFFF00"",""bbox"":{""top"":757,""left"":1230,""height"":528,""width"":555},""instanceURI"":""https://api.labelbox.com/masks/feature/ckezhmvgu02ez0y6shibed0j7?token=eyJhbGciOiJIUzI1NiIsInR5cCI6IkpXVCJ9.eyJ1c2VySWQiOiJja2NjMnR6bTlpeWZ3MDc3OXBjenF4NWtlIiwib3JnYW5pemF0aW9uSWQiOiJja2NjMnR6bGRhdzFsMDg2MnJsZnY0MTk2IiwiaWF0IjoxNjAwMDU0NjQ4LCJleHAiOjE2MDI2NDY2NDh9.9bFUJago2nRmsCr4MLQQnRr_C6g-hiXF38F_Zt6mAdY""}],""classifications"":[]}",andrewjwalker251@gmail.com,lightbulbs,1599904173000,1599904339000,4.131,MVIMG_20200911_164543.jpg,-1,-1,,,first_light_bulb,[],https://editor.labelbox.com?project=ckezh0p9riwjg0708ynbnp76q&label=ckezhmwhm00063b5r1qxfcu5v
ckezhn49h00073b5r7mtfy1d3,ckezh7k3mp0kf0br685a56dw7,https://storage.labelbox.com/ckcc2tzldaw1l0862rlfv4196%2Fe5e91999-5c1e-d4fb-3b8b-76c7e4153d57-MVIMG_20200911_164556.jpg?Expires=1601264248813&KeyName=labelbox-assets-key-1&Signature=Vjj0m08J3skGCfScth7DhvQsATQ,"{""objects"":[{""featureId"":""ckezhn1nr035i0y852zxnbdnh"",""schemaId"":""ckezhaj4i02wd0y926cu918vc"",""title"":""B22"",""value"":""b22"",""color"":""#FFFF00"",""bbox"":{""top"":1624,""left"":2181,""height"":231,""width"":297},""instanceURI"":""https://api.labelbox.com/masks/feature/ckezhn1nr035i0y852zxnbdnh?token=eyJhbGciOiJIUzI1NiIsInR5cCI6IkpXVCJ9.eyJ1c2VySWQiOiJja2NjMnR6bTlpeWZ3MDc3OXBjenF4NWtlIiwib3JnYW5pemF0aW9uSWQiOiJja2NjMnR6bGRhdzFsMDg2MnJsZnY0MTk2IiwiaWF0IjoxNjAwMDU0NjQ4LCJleHAiOjE2MDI2NDY2NDh9.9bFUJago2nRmsCr4MLQQnRr_C6g-hiXF38F_Zt6mAdY""}],""classifications"":[]}",andrewjwalker251@gmail.com,lightbulbs,1599904183000,1599904340000,7.343999999999999,MVIMG_20200911_164556.jpg,-1,-1,,,first_light_bulb,[],https://editor.labelbox.com?project=ckezh0p9riwjg0708ynbnp76q&label=ckezhn49h00073b5r7mtfy1d3
ckf1yynw000003b5s319bo14a,ckf1yww8mr3s10br67wizdmha,https://storage.labelbox.com/ckcc2tzldaw1l0862rlfv4196%2F9d9b44dc-c363-b91a-a1df-ae6df0aa87af-IMG_20200912_212339.jpg?Expires=1601264248813&KeyName=labelbox-assets-key-1&Signature=0SGuqGMsVbVIQa7ovLzj63dy_hw,"{""objects"":[{""featureId"":""ckf1yyn0c00zv0y6sfciu16h6"",""schemaId"":""ckezhe7rv00to0y7b7a8chubp"",""title"":""E27"",""value"":""e27"",""color"":""#FF34FF"",""bbox"":{""top"":2593,""left"":1197,""height"":808,""width"":847},""instanceURI"":""https://api.labelbox.com/masks/feature/ckf1yyn0c00zv0y6sfciu16h6?token=eyJhbGciOiJIUzI1NiIsInR5cCI6IkpXVCJ9.eyJ1c2VySWQiOiJja2NjMnR6bTlpeWZ3MDc3OXBjenF4NWtlIiwib3JnYW5pemF0aW9uSWQiOiJja2NjMnR6bGRhdzFsMDg2MnJsZnY0MTk2IiwiaWF0IjoxNjAwMDU0NjQ4LCJleHAiOjE2MDI2NDY2NDh9.9bFUJago2nRmsCr4MLQQnRr_C6g-hiXF38F_Zt6mAdY""}],""classifications"":[]}",andrewjwalker251@gmail.com,lightbulbs,1600054208000,1600054380000,8.032,IMG_20200912_212339.jpg,-1,-1,,,2nd set lightbulbs,[],https://editor.labelbox.com?project=ckezh0p9riwjg0708ynbnp76q&label=ckf1yynw000003b5s319bo14a
ckf1yz01q00013b5s6efc6d08,ckf1yww8mr3sd0br60g1321m3,https://storage.labelbox.com/ckcc2tzldaw1l0862rlfv4196%2Ff81fc1cb-a4ed-d980-f898-51c2b691033e-IMG_20200912_212330.jpg?Expires=1601264248814&KeyName=labelbox-assets-key-1&Signature=hXOCMKNJoxH-cbh1yWnQAXpCNWE,"{""objects"":[{""featureId"":""ckf1yyxn1010k0y6h9j6khvfs"",""schemaId"":""ckezhe7rv00to0y7b7a8chubp"",""title"":""E27"",""value"":""e27"",""color"":""#FF34FF"",""bbox"":{""top"":1079,""left"":2430,""height"":385,""width"":370},""instanceURI"":""https://api.labelbox.com/masks/feature/ckf1yyxn1010k0y6h9j6khvfs?token=eyJhbGciOiJIUzI1NiIsInR5cCI6IkpXVCJ9.eyJ1c2VySWQiOiJja2NjMnR6bTlpeWZ3MDc3OXBjenF4NWtlIiwib3JnYW5pemF0aW9uSWQiOiJja2NjMnR6bGRhdzFsMDg2MnJsZnY0MTk2IiwiaWF0IjoxNjAwMDU0NjQ4LCJleHAiOjE2MDI2NDY2NDh9.9bFUJago2nRmsCr4MLQQnRr_C6g-hiXF38F_Zt6mAdY""}],""classifications"":[]}",andrewjwalker251@gmail.com,lightbulbs,1600054223000,1600054380000,11.190999999999999,IMG_20200912_212330.jpg,-1,-1,,,2nd set lightbulbs,[],https://editor.labelbox.com?project=ckezh0p9riwjg0708ynbnp76q&label=ckf1yz01q00013b5s6efc6d08
ckf1yzd4r00023b5s27rz85ty,ckf1yww8nr3sp0br6au4e6uio,https://storage.labelbox.com/ckcc2tzldaw1l0862rlfv4196%2F020b4b60-e18b-d2eb-857b-af23c08508ce-IMG_20200912_212322.jpg?Expires=1601264248814&KeyName=labelbox-assets-key-1&Signature=2Bb-mq6lVfKOHFvy_1iW4y2c9dw,"{""objects"":[{""featureId"":""ckf1yzciv011s0y6shpky6nib"",""schemaId"":""ckezhe7rv00to0y7b7a8chubp"",""title"":""E27"",""value"":""e27"",""color"":""#FF34FF"",""bbox"":{""top"":1959,""left"":477,""height"":272,""width"":294},""instanceURI"":""https://api.labelbox.com/masks/feature/ckf1yzciv011s0y6shpky6nib?token=eyJhbGciOiJIUzI1NiIsInR5cCI6IkpXVCJ9.eyJ1c2VySWQiOiJja2NjMnR6bTlpeWZ3MDc3OXBjenF4NWtlIiwib3JnYW5pemF0aW9uSWQiOiJja2NjMnR6bGRhdzFsMDg2MnJsZnY0MTk2IiwiaWF0IjoxNjAwMDU0NjQ4LCJleHAiOjE2MDI2NDY2NDh9.9bFUJago2nRmsCr4MLQQnRr_C6g-hiXF38F_Zt6mAdY""}],""classifications"":[]}",andrewjwalker251@gmail.com,lightbulbs,1600054240000,1600054382000,16.471,IMG_20200912_212322.jpg,-1,-1,,,2nd set lightbulbs,[],https://editor.labelbox.com?project=ckezh0p9riwjg0708ynbnp76q&label=ckf1yzd4r00023b5s27rz85ty
ckf1yzmtj00033b5s39p62tcd,ckf1yww8kr3ph0br6gmba5okd,https://storage.labelbox.com/ckcc2tzldaw1l0862rlfv4196%2Fb9f40e6b-81c5-2c93-0f01-b508f3a7802f-MVIMG_20200912_212527.jpg?Expires=1601264248814&KeyName=labelbox-assets-key-1&Signature=LJ9tdVI9rwBFrsgdcNVGnv0ucrk,"{""objects"":[{""featureId"":""ckf1yzlfj012g0y6s7980444l"",""schemaId"":""ckezhaj4j02wf0y92byrb4ern"",""title"":""GU10"",""value"":""gu10"",""color"":""#1CE6FF"",""bbox"":{""top"":1538,""left"":1098,""height"":315,""width"":414},""instanceURI"":""https://api.labelbox.com/masks/feature/ckf1yzlfj012g0y6s7980444l?token=eyJhbGciOiJIUzI1NiIsInR5cCI6IkpXVCJ9.eyJ1c2VySWQiOiJja2NjMnR6bTlpeWZ3MDc3OXBjenF4NWtlIiwib3JnYW5pemF0aW9uSWQiOiJja2NjMnR6bGRhdzFsMDg2MnJsZnY0MTk2IiwiaWF0IjoxNjAwMDU0NjQ4LCJleHAiOjE2MDI2NDY2NDh9.9bFUJago2nRmsCr4MLQQnRr_C6g-hiXF38F_Zt6mAdY""}],""classifications"":[]}",andrewjwalker251@gmail.com,lightbulbs,1600054253000,1600054382000,7.427,MVIMG_20200912_212527.jpg,-1,-1,,,2nd set lightbulbs,[],https://editor.labelbox.com?project=ckezh0p9riwjg0708ynbnp76q&label=ckf1yzmtj00033b5s39p62tcd
ckf1yzuhz00043b5sggh38kol,ckf1yww8nr3t10br6dpb5808n,https://storage.labelbox.com/ckcc2tzldaw1l0862rlfv4196%2F75c76bfb-4885-74e9-97f4-599a5496afa5-IMG_20200912_212310.jpg?Expires=1601264248814&KeyName=labelbox-assets-key-1&Signature=_rdkIODCeVDpeqsX1Ejt518u1Rc,"{""objects"":[{""featureId"":""ckf1yztnb01bl0y92237m0jfh"",""schemaId"":""ckezhe7rv00to0y7b7a8chubp"",""title"":""E27"",""value"":""e27"",""color"":""#FF34FF"",""bbox"":{""top"":782,""left"":1504,""height"":380,""width"":338},""instanceURI"":""https://api.labelbox.com/masks/feature/ckf1yztnb01bl0y92237m0jfh?token=eyJhbGciOiJIUzI1NiIsInR5cCI6IkpXVCJ9.eyJ1c2VySWQiOiJja2NjMnR6bTlpeWZ3MDc3OXBjenF4NWtlIiwib3JnYW5pemF0aW9uSWQiOiJja2NjMnR6bGRhdzFsMDg2MnJsZnY0MTk2IiwiaWF0IjoxNjAwMDU0NjQ4LCJleHAiOjE2MDI2NDY2NDh9.9bFUJago2nRmsCr4MLQQnRr_C6g-hiXF38F_Zt6mAdY""}],""classifications"":[]}",andrewjwalker251@gmail.com,lightbulbs,1600054263000,1600054586000,6.287,IMG_20200912_212310.jpg,-1,-1,,,2nd set lightbulbs,[],https://editor.labelbox.com?project=ckezh0p9riwjg0708ynbnp76q&label=ckf1yzuhz00043b5sggh38kol
ckf1z03er00053b5s7gw9dhib,ckf1yww8kr3pt0br686f22w20,https://storage.labelbox.com/ckcc2tzldaw1l0862rlfv4196%2Fa91abbe1-daf8-6eac-4f89-43667cf4767c-IMG_20200912_212523.jpg?Expires=1601264248815&KeyName=labelbox-assets-key-1&Signature=c-qRtErPSxndvvZ95NDDxXlxRhw,"{""objects"":[{""featureId"":""ckf1z02lq01c80y928213hv6s"",""schemaId"":""ckezhaj4j02wf0y92byrb4ern"",""title"":""GU10"",""value"":""gu10"",""color"":""#1CE6FF"",""bbox"":{""top"":2139,""left"":861,""height"":473,""width"":572},""instanceURI"":""https://api.labelbox.com/masks/feature/ckf1z02lq01c80y928213hv6s?token=eyJhbGciOiJIUzI1NiIsInR5cCI6IkpXVCJ9.eyJ1c2VySWQiOiJja2NjMnR6bTlpeWZ3MDc3OXBjenF4NWtlIiwib3JnYW5pemF0aW9uSWQiOiJja2NjMnR6bGRhdzFsMDg2MnJsZnY0MTk2IiwiaWF0IjoxNjAwMDU0NjQ4LCJleHAiOjE2MDI2NDY2NDh9.9bFUJago2nRmsCr4MLQQnRr_C6g-hiXF38F_Zt6mAdY""}],""classifications"":[]}",andrewjwalker251@gmail.com,lightbulbs,1600054274000,1600054586000,5.225,IMG_20200912_212523.jpg,-1,-1,,,2nd set lightbulbs,[],https://editor.labelbox.com?project=ckezh0p9riwjg0708ynbnp76q&label=ckf1z03er00053b5s7gw9dhib
ckf1z0a8600063b5s2vku9ycr,ckf1yww8nr3td0br67miueh3g,https://storage.labelbox.com/ckcc2tzldaw1l0862rlfv4196%2F2f12e6cf-7c36-7b02-061f-c365ebd612f7-MVIMG_20200912_212255.jpg?Expires=1601264248815&KeyName=labelbox-assets-key-1&Signature=QLsOOkAXO1yMXlyjZTKKtNSLHCg,"{""objects"":[{""featureId"":""ckf1z09kn014a0y6s8y696gnf"",""schemaId"":""ckezhe7rv00to0y7b7a8chubp"",""title"":""E27"",""value"":""e27"",""color"":""#FF34FF"",""bbox"":{""top"":2070,""left"":1729,""height"":513,""width"":453},""instanceURI"":""https://api.labelbox.com/masks/feature/ckf1z09kn014a0y6s8y696gnf?token=eyJhbGciOiJIUzI1NiIsInR5cCI6IkpXVCJ9.eyJ1c2VySWQiOiJja2NjMnR6bTlpeWZ3MDc3OXBjenF4NWtlIiwib3JnYW5pemF0aW9uSWQiOiJja2NjMnR6bGRhdzFsMDg2MnJsZnY0MTk2IiwiaWF0IjoxNjAwMDU0NjQ4LCJleHAiOjE2MDI2NDY2NDh9.9bFUJago2nRmsCr4MLQQnRr_C6g-hiXF38F_Zt6mAdY""}],""classifications"":[]}",andrewjwalker251@gmail.com,lightbulbs,1600054283000,1600054587000,5.605,MVIMG_20200912_212255.jpg,-1,-1,,,2nd set lightbulbs,[],https://editor.labelbox.com?project=ckezh0p9riwjg0708ynbnp76q&label=ckf1z0a8600063b5s2vku9ycr
ckf1z0h8c00073b5scfqstz5n,ckf1yww8kr3q50br64e5w0yrd,https://storage.labelbox.com/ckcc2tzldaw1l0862rlfv4196%2Fa2ecf149-90cb-e848-3b10-8929e1c9b758-IMG_20200912_212509.jpg?Expires=1601264248815&KeyName=labelbox-assets-key-1&Signature=GbrgY2MeKoGKqHsAcneB1uWe0NA,"{""objects"":[{""featureId"":""ckf1z0ghy01530y6henjyehby"",""schemaId"":""ckezhaj4j02wf0y92byrb4ern"",""title"":""GU10"",""value"":""gu10"",""color"":""#1CE6FF"",""bbox"":{""top"":2149,""left"":664,""height"":375,""width"":326},""instanceURI"":""https://api.labelbox.com/masks/feature/ckf1z0ghy01530y6henjyehby?token=eyJhbGciOiJIUzI1NiIsInR5cCI6IkpXVCJ9.eyJ1c2VySWQiOiJja2NjMnR6bTlpeWZ3MDc3OXBjenF4NWtlIiwib3JnYW5pemF0aW9uSWQiOiJja2NjMnR6bGRhdzFsMDg2MnJsZnY0MTk2IiwiaWF0IjoxNjAwMDU0NjQ4LCJleHAiOjE2MDI2NDY2NDh9.9bFUJago2nRmsCr4MLQQnRr_C6g-hiXF38F_Zt6mAdY""}],""classifications"":[]}",andrewjwalker251@gmail.com,lightbulbs,1600054292000,1600054587000,5.677,IMG_20200912_212509.jpg,-1,-1,,,2nd set lightbulbs,[],https://editor.labelbox.com?project=ckezh0p9riwjg0708ynbnp76q&label=ckf1z0h8c00073b5scfqstz5n
ckf1z0njt00083b5sybzjvrxi,ckf1yww8nr3tp0br650s13nku,https://storage.labelbox.com/ckcc2tzldaw1l0862rlfv4196%2F2f8a1635-fee9-0994-8125-0f607fd0ee49-MVIMG_20200912_212249.jpg?Expires=1601264248815&KeyName=labelbox-assets-key-1&Signature=BKD4ntCAJdOPfGk6TGWGBZ4dLi4,"{""objects"":[{""featureId"":""ckf1z0mq701530y6s6wym10ca"",""schemaId"":""ckezhe7rv00to0y7b7a8chubp"",""title"":""E27"",""value"":""e27"",""color"":""#FF34FF"",""bbox"":{""top"":631,""left"":1128,""height"":877,""width"":798},""instanceURI"":""https://api.labelbox.com/masks/feature/ckf1z0mq701530y6s6wym10ca?token=eyJhbGciOiJIUzI1NiIsInR5cCI6IkpXVCJ9.eyJ1c2VySWQiOiJja2NjMnR6bTlpeWZ3MDc3OXBjenF4NWtlIiwib3JnYW5pemF0aW9uSWQiOiJja2NjMnR6bGRhdzFsMDg2MnJsZnY0MTk2IiwiaWF0IjoxNjAwMDU0NjQ4LCJleHAiOjE2MDI2NDY2NDh9.9bFUJago2nRmsCr4MLQQnRr_C6g-hiXF38F_Zt6mAdY""}],""classifications"":[]}",andrewjwalker251@gmail.com,lightbulbs,1600054300000,1600054587000,4.102,MVIMG_20200912_212249.jpg,-1,-1,,,2nd set lightbulbs,[],https://editor.labelbox.com?project=ckezh0p9riwjg0708ynbnp76q&label=ckf1z0njt00083b5sybzjvrxi
ckf1z0wdr00093b5ssi5v11n4,ckf1yww8lr3qh0br6ec3ubo15,https://storage.labelbox.com/ckcc2tzldaw1l0862rlfv4196%2F175befb4-b1fc-a881-2a68-2279db486655-IMG_20200912_212453.jpg?Expires=1601264248816&KeyName=labelbox-assets-key-1&Signature=BlNue_BUENx4wfD1Na3r6HCwGi4,"{""objects"":[{""featureId"":""ckf1z0vgb015s0y6s9on79ppk"",""schemaId"":""ckezhaj4j02wf0y92byrb4ern"",""title"":""GU10"",""value"":""gu10"",""color"":""#1CE6FF"",""bbox"":{""top"":518,""left"":744,""height"":340,""width"":348},""instanceURI"":""https://api.labelbox.com/masks/feature/ckf1z0vgb015s0y6s9on79ppk?token=eyJhbGciOiJIUzI1NiIsInR5cCI6IkpXVCJ9.eyJ1c2VySWQiOiJja2NjMnR6bTlpeWZ3MDc3OXBjenF4NWtlIiwib3JnYW5pemF0aW9uSWQiOiJja2NjMnR6bGRhdzFsMDg2MnJsZnY0MTk2IiwiaWF0IjoxNjAwMDU0NjQ4LCJleHAiOjE2MDI2NDY2NDh9.9bFUJago2nRmsCr4MLQQnRr_C6g-hiXF38F_Zt6mAdY""}],""classifications"":[]}",andrewjwalker251@gmail.com,lightbulbs,1600054312000,1600054588000,7.196,IMG_20200912_212453.jpg,-1,-1,,,2nd set lightbulbs,[],https://editor.labelbox.com?project=ckezh0p9riwjg0708ynbnp76q&label=ckf1z0wdr00093b5ssi5v11n4
ckf1z18cs000a3b5sxnceyl92,ckf1yww8lr3qt0br64pln7vz9,https://storage.labelbox.com/ckcc2tzldaw1l0862rlfv4196%2F91981c1e-5be6-db50-a5a6-6ee1fbba1729-IMG_20200912_212446.jpg?Expires=1601264248816&KeyName=labelbox-assets-key-1&Signature=7YzqJUI1ls8G5e3g6Q0foSGLUIY,"{""objects"":[{""featureId"":""ckf1z13g701fh0y929d9z5u7f"",""schemaId"":""ckezhaj4j02wf0y92byrb4ern"",""title"":""GU10"",""value"":""gu10"",""color"":""#1CE6FF"",""bbox"":{""top"":1156,""left"":1846,""height"":92,""width"":60},""instanceURI"":""https://api.labelbox.com/masks/feature/ckf1z13g701fh0y929d9z5u7f?token=eyJhbGciOiJIUzI1NiIsInR5cCI6IkpXVCJ9.eyJ1c2VySWQiOiJja2NjMnR6bTlpeWZ3MDc3OXBjenF4NWtlIiwib3JnYW5pemF0aW9uSWQiOiJja2NjMnR6bGRhdzFsMDg2MnJsZnY0MTk2IiwiaWF0IjoxNjAwMDU0NjQ4LCJleHAiOjE2MDI2NDY2NDh9.9bFUJago2nRmsCr4MLQQnRr_C6g-hiXF38F_Zt6mAdY""}],""classifications"":[]}",andrewjwalker251@gmail.com,lightbulbs,1600054327000,1600054589000,14.982,IMG_20200912_212446.jpg,-1,-1,,,2nd set lightbulbs,[],https://editor.labelbox.com?project=ckezh0p9riwjg0708ynbnp76q&label=ckf1z18cs000a3b5sxnceyl92
ckf1z1mw8000b3b5suzuy576m,ckf1yww8lr3r50br6doxd2m2h,https://storage.labelbox.com/ckcc2tzldaw1l0862rlfv4196%2F1f6b157f-b11b-be3e-9354-0db7c4f68a4d-IMG_20200912_212440.jpg?Expires=1601264248816&KeyName=labelbox-assets-key-1&Signature=hJu3xXpzWnUAQOUyFrxppMwmdro,"{""objects"":[{""featureId"":""ckf1z1ef501zy0y6ng9dp8gsl"",""schemaId"":""ckezhaj4j02wf0y92byrb4ern"",""title"":""GU10"",""value"":""gu10"",""color"":""#1CE6FF"",""bbox"":{""top"":2262,""left"":2023,""height"":230,""width"":230},""instanceURI"":""https://api.labelbox.com/masks/feature/ckf1z1ef501zy0y6ng9dp8gsl?token=eyJhbGciOiJIUzI1NiIsInR5cCI6IkpXVCJ9.eyJ1c2VySWQiOiJja2NjMnR6bTlpeWZ3MDc3OXBjenF4NWtlIiwib3JnYW5pemF0aW9uSWQiOiJja2NjMnR6bGRhdzFsMDg2MnJsZnY0MTk2IiwiaWF0IjoxNjAwMDU0NjQ4LCJleHAiOjE2MDI2NDY2NDh9.9bFUJago2nRmsCr4MLQQnRr_C6g-hiXF38F_Zt6mAdY""}],""classifications"":[]}",andrewjwalker251@gmail.com,lightbulbs,1600054346000,1600054590000,13.848000000000003,IMG_20200912_212440.jpg,-1,-1,,,2nd set lightbulbs,[],https://editor.labelbox.com?project=ckezh0p9riwjg0708ynbnp76q&label=ckf1z1mw8000b3b5suzuy576m
ckf1z1wij000c3b5sgtkhnq30,ckf1yww8lr3rh0br6bgooe8zh,https://storage.labelbox.com/ckcc2tzldaw1l0862rlfv4196%2Fb5a245a5-a1c6-1d6a-9901-ada099aa6a6a-MVIMG_20200912_212431.jpg?Expires=1601264248816&KeyName=labelbox-assets-key-1&Signature=HbDR0u3t-Z8czPmgZS4M2jLlF_c,"{""objects"":[{""featureId"":""ckf1z1sfx01h90y928cbl6r6t"",""schemaId"":""ckezhaj4j02wf0y92byrb4ern"",""title"":""GU10"",""value"":""gu10"",""color"":""#1CE6FF"",""bbox"":{""top"":2525,""left"":1652,""height"":131,""width"":106},""instanceURI"":""https://api.labelbox.com/masks/feature/ckf1z1sfx01h90y928cbl6r6t?token=eyJhbGciOiJIUzI1NiIsInR5cCI6IkpXVCJ9.eyJ1c2VySWQiOiJja2NjMnR6bTlpeWZ3MDc3OXBjenF4NWtlIiwib3JnYW5pemF0aW9uSWQiOiJja2NjMnR6bGRhdzFsMDg2MnJsZnY0MTk2IiwiaWF0IjoxNjAwMDU0NjQ4LCJleHAiOjE2MDI2NDY2NDh9.9bFUJago2nRmsCr4MLQQnRr_C6g-hiXF38F_Zt6mAdY""}],""classifications"":[]}",andrewjwalker251@gmail.com,lightbulbs,1600054359000,1600054590000,8.856,MVIMG_20200912_212431.jpg,-1,-1,,,2nd set lightbulbs,[],https://editor.labelbox.com?project=ckezh0p9riwjg0708ynbnp76q&label=ckf1z1wij000c3b5sgtkhnq30
ckf1z253c000d3b5shpoy3cy0,ckf1yww8lr3rt0br6azaoasw7,https://storage.labelbox.com/ckcc2tzldaw1l0862rlfv4196%2Fcb5f5da6-31e6-3248-f475-271bb03214e9-MVIMG_20200912_212349.jpg?Expires=1601264248816&KeyName=labelbox-assets-key-1&Signature=GJftB93knTTV9Jb-JQ6wUx9IBks,"{""objects"":[{""featureId"":""ckf1z23cm01hv0y92c0eqh3z7"",""schemaId"":""ckezhe7rv00to0y7b7a8chubp"",""title"":""E27"",""value"":""e27"",""color"":""#FF34FF"",""bbox"":{""top"":1952,""left"":713,""height"":532,""width"":602},""instanceURI"":""https://api.labelbox.com/masks/feature/ckf1z23cm01hv0y92c0eqh3z7?token=eyJhbGciOiJIUzI1NiIsInR5cCI6IkpXVCJ9.eyJ1c2VySWQiOiJja2NjMnR6bTlpeWZ3MDc3OXBjenF4NWtlIiwib3JnYW5pemF0aW9uSWQiOiJja2NjMnR6bGRhdzFsMDg2MnJsZnY0MTk2IiwiaWF0IjoxNjAwMDU0NjQ4LCJleHAiOjE2MDI2NDY2NDh9.9bFUJago2nRmsCr4MLQQnRr_C6g-hiXF38F_Zt6mAdY""}],""classifications"":[]}",andrewjwalker251@gmail.com,lightbulbs,1600054370000,1600054590000,3.945,MVIMG_20200912_212349.jpg,-1,-1,,,2nd set lightbulbs,[],https://editor.labelbox.com?project=ckezh0p9riwjg0708ynbnp76q&label=ckf1z253c000d3b5shpoy3cy0
ckf1z2fgg000e3b5sa444habl,ckf1yww8mr3s50br68tnd7q87,https://storage.labelbox.com/ckcc2tzldaw1l0862rlfv4196%2F1c51240d-3714-370d-875c-361c6d136ff3-IMG_20200912_212333.jpg?Expires=1601264248817&KeyName=labelbox-assets-key-1&Signature=7l_mX7Jx0AwYRTVIQjvgUDpAUCg,"{""objects"":[{""featureId"":""ckf1z2ece01ic0y929byze6do"",""schemaId"":""ckezhe7rv00to0y7b7a8chubp"",""title"":""E27"",""value"":""e27"",""color"":""#FF34FF"",""bbox"":{""top"":946,""left"":3066,""height"":274,""width"":296},""instanceURI"":""https://api.labelbox.com/masks/feature/ckf1z2ece01ic0y929byze6do?token=eyJhbGciOiJIUzI1NiIsInR5cCI6IkpXVCJ9.eyJ1c2VySWQiOiJja2NjMnR6bTlpeWZ3MDc3OXBjenF4NWtlIiwib3JnYW5pemF0aW9uSWQiOiJja2NjMnR6bGRhdzFsMDg2MnJsZnY0MTk2IiwiaWF0IjoxNjAwMDU0NjQ4LCJleHAiOjE2MDI2NDY2NDh9.9bFUJago2nRmsCr4MLQQnRr_C6g-hiXF38F_Zt6mAdY""}],""classifications"":[]}",andrewjwalker251@gmail.com,lightbulbs,1600054387000,1600054591000,7.002,IMG_20200912_212333.jpg,-1,-1,,,2nd set lightbulbs,[],https://editor.labelbox.com?project=ckezh0p9riwjg0708ynbnp76q&label=ckf1z2fgg000e3b5sa444habl
ckf1z2wg7000f3b5s4co3v2je,ckf1yww8nr3sh0br6cgmgh21m,https://storage.labelbox.com/ckcc2tzldaw1l0862rlfv4196%2F6b8bac9e-0817-8b67-4e69-b309e4d43869-IMG_20200912_212328.jpg?Expires=1601264248817&KeyName=labelbox-assets-key-1&Signature=gIPpxZ7Rei3zOzn_SkfVXJOkqew,"{""objects"":[{""featureId"":""ckf1z2rnq02820y7w7sboc6hu"",""schemaId"":""ckezhe7rv00to0y7b7a8chubp"",""title"":""E27"",""value"":""e27"",""color"":""#FF34FF"",""bbox"":{""top"":1398,""left"":2261,""height"":180,""width"":193},""instanceURI"":""https://api.labelbox.com/masks/feature/ckf1z2rnq02820y7w7sboc6hu?token=eyJhbGciOiJIUzI1NiIsInR5cCI6IkpXVCJ9.eyJ1c2VySWQiOiJja2NjMnR6bTlpeWZ3MDc3OXBjenF4NWtlIiwib3JnYW5pemF0aW9uSWQiOiJja2NjMnR6bGRhdzFsMDg2MnJsZnY0MTk2IiwiaWF0IjoxNjAwMDU0NjQ4LCJleHAiOjE2MDI2NDY2NDh9.9bFUJago2nRmsCr4MLQQnRr_C6g-hiXF38F_Zt6mAdY""}],""classifications"":[]}",andrewjwalker251@gmail.com,lightbulbs,1600054405000,1600054591000,13.2,IMG_20200912_212328.jpg,-1,-1,,,2nd set lightbulbs,[],https://editor.labelbox.com?project=ckezh0p9riwjg0708ynbnp76q&label=ckf1z2wg7000f3b5s4co3v2je
ckf1z348u000g3b5s77bspspw,ckf1yww8kr3p90br68f5m7yog,https://storage.labelbox.com/ckcc2tzldaw1l0862rlfv4196%2Fdbccea03-1c24-1d38-4264-0e6368662583-MVIMG_20200912_212538.jpg?Expires=1601264248817&KeyName=labelbox-assets-key-1&Signature=EsBBdzMJwAOpsO0w2a34Rj6M3dA,"{""objects"":[{""featureId"":""ckf1z31uy023c0y6nhfrnhrxt"",""schemaId"":""ckezhaj4j02wf0y92byrb4ern"",""title"":""GU10"",""value"":""gu10"",""color"":""#1CE6FF"",""bbox"":{""top"":1459,""left"":1147,""height"":237,""width"":464},""instanceURI"":""https://api.labelbox.com/masks/feature/ckf1z31uy023c0y6nhfrnhrxt?token=eyJhbGciOiJIUzI1NiIsInR5cCI6IkpXVCJ9.eyJ1c2VySWQiOiJja2NjMnR6bTlpeWZ3MDc3OXBjenF4NWtlIiwib3JnYW5pemF0aW9uSWQiOiJja2NjMnR6bGRhdzFsMDg2MnJsZnY0MTk2IiwiaWF0IjoxNjAwMDU0NjQ4LCJleHAiOjE2MDI2NDY2NDh9.9bFUJago2nRmsCr4MLQQnRr_C6g-hiXF38F_Zt6mAdY""}],""classifications"":[]}",andrewjwalker251@gmail.com,lightbulbs,1600054415000,1600054591000,6.633,MVIMG_20200912_212538.jpg,-1,-1,,,2nd set lightbulbs,[],https://editor.labelbox.com?project=ckezh0p9riwjg0708ynbnp76q&label=ckf1z348u000g3b5s77bspspw
ckf1z3aaf000h3b5s5sf5pyeq,ckf1yww8nr3st0br6c9pv5x7t,https://storage.labelbox.com/ckcc2tzldaw1l0862rlfv4196%2F05e81384-c579-3c01-0c3c-c435532cea4a-IMG_20200912_212318.jpg?Expires=1601264248817&KeyName=labelbox-assets-key-1&Signature=hYM1__QvL_aZ1av-Hk1DVDqSirE,"{""objects"":[{""featureId"":""ckf1z39n001xz0y85cacg2hbb"",""schemaId"":""ckezhe7rv00to0y7b7a8chubp"",""title"":""E27"",""value"":""e27"",""color"":""#FF34FF"",""bbox"":{""top"":1452,""left"":1246,""height"":382,""width"":445},""instanceURI"":""https://api.labelbox.com/masks/feature/ckf1z39n001xz0y85cacg2hbb?token=eyJhbGciOiJIUzI1NiIsInR5cCI6IkpXVCJ9.eyJ1c2VySWQiOiJja2NjMnR6bTlpeWZ3MDc3OXBjenF4NWtlIiwib3JnYW5pemF0aW9uSWQiOiJja2NjMnR6bGRhdzFsMDg2MnJsZnY0MTk2IiwiaWF0IjoxNjAwMDU0NjQ4LCJleHAiOjE2MDI2NDY2NDh9.9bFUJago2nRmsCr4MLQQnRr_C6g-hiXF38F_Zt6mAdY""}],""classifications"":[]}",andrewjwalker251@gmail.com,lightbulbs,1600054423000,1600054592000,4.681,IMG_20200912_212318.jpg,-1,-1,,,2nd set lightbulbs,[],https://editor.labelbox.com?project=ckezh0p9riwjg0708ynbnp76q&label=ckf1z3aaf000h3b5s5sf5pyeq
ckf1z3d11000i3b5s8yox7hh4,ckf1yww8kr3pl0br60f58gyx4,https://storage.labelbox.com/ckcc2tzldaw1l0862rlfv4196%2F4f8d069b-613d-7a79-3800-95d4c2fbfa24-MVIMG_20200912_212526.jpg?Expires=1601264248817&KeyName=labelbox-assets-key-1&Signature=CzwVUuxzsBkTeuBbL8iH2tAAJy8,{},andrewjwalker251@gmail.com,lightbulbs,1600054427000,1600054427000,3.127,MVIMG_20200912_212526.jpg,-1,-1,,,2nd set lightbulbs,[],https://editor.labelbox.com?project=ckezh0p9riwjg0708ynbnp76q&label=ckf1z3d11000i3b5s8yox7hh4
ckf1z3jhy000j3b5sfmlov3sa,ckf1yww8nr3t50br6cx240bqw,https://storage.labelbox.com/ckcc2tzldaw1l0862rlfv4196%2Fa50cd080-bf66-2ab0-51b2-a914d6d105e7-MVIMG_20200912_212303.jpg?Expires=1601264248818&KeyName=labelbox-assets-key-1&Signature=PgcOdaoAvbMgvX8I9i9AnXOuiMw,"{""objects"":[{""featureId"":""ckf1z3inv01c40y6h33ku7m63"",""schemaId"":""ckezhe7rv00to0y7b7a8chubp"",""title"":""E27"",""value"":""e27"",""color"":""#FF34FF"",""bbox"":{""top"":1666,""left"":1354,""height"":375,""width"":434},""instanceURI"":""https://api.labelbox.com/masks/feature/ckf1z3inv01c40y6h33ku7m63?token=eyJhbGciOiJIUzI1NiIsInR5cCI6IkpXVCJ9.eyJ1c2VySWQiOiJja2NjMnR6bTlpeWZ3MDc3OXBjenF4NWtlIiwib3JnYW5pemF0aW9uSWQiOiJja2NjMnR6bGRhdzFsMDg2MnJsZnY0MTk2IiwiaWF0IjoxNjAwMDU0NjQ4LCJleHAiOjE2MDI2NDY2NDh9.9bFUJago2nRmsCr4MLQQnRr_C6g-hiXF38F_Zt6mAdY""}],""classifications"":[]}",andrewjwalker251@gmail.com,lightbulbs,1600054435000,1600054592000,4.708,MVIMG_20200912_212303.jpg,-1,-1,,,2nd set lightbulbs,[],https://editor.labelbox.com?project=ckezh0p9riwjg0708ynbnp76q&label=ckf1z3jhy000j3b5sfmlov3sa
ckf1z3v4b000k3b5s2a4jwsj6,ckf1yww8kr3px0br6g05d0o10,https://storage.labelbox.com/ckcc2tzldaw1l0862rlfv4196%2F91b15ebf-85eb-c126-cabf-727c51f80eda-IMG_20200912_212519.jpg?Expires=1601264248819&KeyName=labelbox-assets-key-1&Signature=xnM-oq6MbLPVl9TY5FOL0AJoOX0,"{""objects"":[{""featureId"":""ckf1z3sow020a0y8597y79rro"",""schemaId"":""ckezhaj4j02wf0y92byrb4ern"",""title"":""GU10"",""value"":""gu10"",""color"":""#1CE6FF"",""bbox"":{""top"":1124,""left"":940,""height"":207,""width"":552},""instanceURI"":""https://api.labelbox.com/masks/feature/ckf1z3sow020a0y8597y79rro?token=eyJhbGciOiJIUzI1NiIsInR5cCI6IkpXVCJ9.eyJ1c2VySWQiOiJja2NjMnR6bTlpeWZ3MDc3OXBjenF4NWtlIiwib3JnYW5pemF0aW9uSWQiOiJja2NjMnR6bGRhdzFsMDg2MnJsZnY0MTk2IiwiaWF0IjoxNjAwMDU0NjQ4LCJleHAiOjE2MDI2NDY2NDh9.9bFUJago2nRmsCr4MLQQnRr_C6g-hiXF38F_Zt6mAdY""}],""classifications"":[]}",andrewjwalker251@gmail.com,lightbulbs,1600054450000,1600054593000,10.759,IMG_20200912_212519.jpg,-1,-1,,,2nd set lightbulbs,[],https://editor.labelbox.com?project=ckezh0p9riwjg0708ynbnp76q&label=ckf1z3v4b000k3b5s2a4jwsj6
ckf1z41es000l3b5sxdkrwyc7,ckf1yww8nr3th0br60mtj6dib,https://storage.labelbox.com/ckcc2tzldaw1l0862rlfv4196%2F88d58438-1c59-917c-3b97-b8285ae530aa-MVIMG_20200912_212252.jpg?Expires=1601264248819&KeyName=labelbox-assets-key-1&Signature=N9X68CwuFYwLj9BvVaEJPfV6mqo,"{""objects"":[{""featureId"":""ckf1z40ku025g0y6n45bp306d"",""schemaId"":""ckezhe7rv00to0y7b7a8chubp"",""title"":""E27"",""value"":""e27"",""color"":""#FF34FF"",""bbox"":{""top"":1636,""left"":1266,""height"":622,""width"":542},""instanceURI"":""https://api.labelbox.com/masks/feature/ckf1z40ku025g0y6n45bp306d?token=eyJhbGciOiJIUzI1NiIsInR5cCI6IkpXVCJ9.eyJ1c2VySWQiOiJja2NjMnR6bTlpeWZ3MDc3OXBjenF4NWtlIiwib3JnYW5pemF0aW9uSWQiOiJja2NjMnR6bGRhdzFsMDg2MnJsZnY0MTk2IiwiaWF0IjoxNjAwMDU0NjQ4LCJleHAiOjE2MDI2NDY2NDh9.9bFUJago2nRmsCr4MLQQnRr_C6g-hiXF38F_Zt6mAdY""}],""classifications"":[]}",andrewjwalker251@gmail.com,lightbulbs,1600054459000,1600054594000,7.7219999999999995,MVIMG_20200912_212252.jpg,-1,-1,,,2nd set lightbulbs,[],https://editor.labelbox.com?project=ckezh0p9riwjg0708ynbnp76q&label=ckf1z41es000l3b5sxdkrwyc7
ckf1z4b32000m3b5s4lr1lzgs,ckf1yww8kr3q90br60dtcffqr,https://storage.labelbox.com/ckcc2tzldaw1l0862rlfv4196%2F9c4e7c92-95c1-08f9-de67-fbbcfc7b1c70-IMG_20200912_212508.jpg?Expires=1601264248820&KeyName=labelbox-assets-key-1&Signature=_HcJ8KsmwIMalrUUUOJXldEap08,"{""objects"":[{""featureId"":""ckf1z4ag402600y6nc6w2anto"",""schemaId"":""ckezhaj4j02wf0y92byrb4ern"",""title"":""GU10"",""value"":""gu10"",""color"":""#1CE6FF"",""bbox"":{""top"":2307,""left"":807,""height"":190,""width"":182},""instanceURI"":""https://api.labelbox.com/masks/feature/ckf1z4ag402600y6nc6w2anto?token=eyJhbGciOiJIUzI1NiIsInR5cCI6IkpXVCJ9.eyJ1c2VySWQiOiJja2NjMnR6bTlpeWZ3MDc3OXBjenF4NWtlIiwib3JnYW5pemF0aW9uSWQiOiJja2NjMnR6bGRhdzFsMDg2MnJsZnY0MTk2IiwiaWF0IjoxNjAwMDU0NjQ4LCJleHAiOjE2MDI2NDY2NDh9.9bFUJago2nRmsCr4MLQQnRr_C6g-hiXF38F_Zt6mAdY""}],""classifications"":[]}",andrewjwalker251@gmail.com,lightbulbs,1600054471000,1600054594000,11.774999999999999,IMG_20200912_212508.jpg,-1,-1,,,2nd set lightbulbs,[],https://editor.labelbox.com?project=ckezh0p9riwjg0708ynbnp76q&label=ckf1z4b32000m3b5s4lr1lzgs
ckf1z4kcv000n3b5sw6nz9hiq,ckf1yww8lr3ql0br69gxia0xx,https://storage.labelbox.com/ckcc2tzldaw1l0862rlfv4196%2Fead3fe72-c841-4d72-26f7-ec6f11ad445f-IMG_20200912_212451.jpg?Expires=1601264248820&KeyName=labelbox-assets-key-1&Signature=RKWff3eb50LKvEBzlFzqPVh38fg,"{""objects"":[{""featureId"":""ckf1z4jn3026h0y6n3aap1imw"",""schemaId"":""ckezhaj4j02wf0y92byrb4ern"",""title"":""GU10"",""value"":""gu10"",""color"":""#1CE6FF"",""bbox"":{""top"":1855,""left"":1281,""height"":336,""width"":236},""instanceURI"":""https://api.labelbox.com/masks/feature/ckf1z4jn3026h0y6n3aap1imw?token=eyJhbGciOiJIUzI1NiIsInR5cCI6IkpXVCJ9.eyJ1c2VySWQiOiJja2NjMnR6bTlpeWZ3MDc3OXBjenF4NWtlIiwib3JnYW5pemF0aW9uSWQiOiJja2NjMnR6bGRhdzFsMDg2MnJsZnY0MTk2IiwiaWF0IjoxNjAwMDU0NjQ4LCJleHAiOjE2MDI2NDY2NDh9.9bFUJago2nRmsCr4MLQQnRr_C6g-hiXF38F_Zt6mAdY""}],""classifications"":[]}",andrewjwalker251@gmail.com,lightbulbs,1600054483000,1600054483000,7.858,IMG_20200912_212451.jpg,-1,-1,,,2nd set lightbulbs,[],https://editor.labelbox.com?project=ckezh0p9riwjg0708ynbnp76q&label=ckf1z4kcv000n3b5sw6nz9hiq
ckf1z4q4l000o3b5swo2j47ka,ckf1yww8lr3qx0br6h1554msw,https://storage.labelbox.com/ckcc2tzldaw1l0862rlfv4196%2Fe4477871-cf40-49d7-4cf0-b1a7b087e36d-IMG_20200912_212444.jpg?Expires=1601264248820&KeyName=labelbox-assets-key-1&Signature=4Ndwj-BEsi5GCXGGvWxK-KLXSMo,"{""objects"":[{""featureId"":""ckf1z4pie01ge0y6h8udtfsvv"",""schemaId"":""ckezhaj4j02wf0y92byrb4ern"",""title"":""GU10"",""value"":""gu10"",""color"":""#1CE6FF"",""bbox"":{""top"":1055,""left"":1378,""height"":196,""width"":144},""instanceURI"":""https://api.labelbox.com/masks/feature/ckf1z4pie01ge0y6h8udtfsvv?token=eyJhbGciOiJIUzI1NiIsInR5cCI6IkpXVCJ9.eyJ1c2VySWQiOiJja2NjMnR6bTlpeWZ3MDc3OXBjenF4NWtlIiwib3JnYW5pemF0aW9uSWQiOiJja2NjMnR6bGRhdzFsMDg2MnJsZnY0MTk2IiwiaWF0IjoxNjAwMDU0NjQ4LCJleHAiOjE2MDI2NDY2NDh9.9bFUJago2nRmsCr4MLQQnRr_C6g-hiXF38F_Zt6mAdY""}],""classifications"":[]}",andrewjwalker251@gmail.com,lightbulbs,1600054491000,1600054491000,3.853,IMG_20200912_212444.jpg,-1,-1,,,2nd set lightbulbs,[],https://editor.labelbox.com?project=ckezh0p9riwjg0708ynbnp76q&label=ckf1z4q4l000o3b5swo2j47ka
ckf1z4wd6000p3b5sjmrc9vyg,ckf1yww8lr3r90br6gc9w3gmf,https://storage.labelbox.com/ckcc2tzldaw1l0862rlfv4196%2Fc7c52745-e9be-1e89-9e3b-6177d3140449-IMG_20200912_212436.jpg?Expires=1601264248821&KeyName=labelbox-assets-key-1&Signature=HgjGakTHM6aOxH9UFC5IlZwE5FY,"{""objects"":[{""featureId"":""ckf1z4vf1023c0y852g1x32mv"",""schemaId"":""ckezhaj4j02wf0y92byrb4ern"",""title"":""GU10"",""value"":""gu10"",""color"":""#1CE6FF"",""bbox"":{""top"":2532,""left"":1112,""height"":328,""width"":144},""instanceURI"":""https://api.labelbox.com/masks/feature/ckf1z4vf1023c0y852g1x32mv?token=eyJhbGciOiJIUzI1NiIsInR5cCI6IkpXVCJ9.eyJ1c2VySWQiOiJja2NjMnR6bTlpeWZ3MDc3OXBjenF4NWtlIiwib3JnYW5pemF0aW9uSWQiOiJja2NjMnR6bGRhdzFsMDg2MnJsZnY0MTk2IiwiaWF0IjoxNjAwMDU0NjQ4LCJleHAiOjE2MDI2NDY2NDh9.9bFUJago2nRmsCr4MLQQnRr_C6g-hiXF38F_Zt6mAdY""}],""classifications"":[]}",andrewjwalker251@gmail.com,lightbulbs,1600054498000,1600054499000,3.858,IMG_20200912_212436.jpg,-1,-1,,,2nd set lightbulbs,[],https://editor.labelbox.com?project=ckezh0p9riwjg0708ynbnp76q&label=ckf1z4wd6000p3b5sjmrc9vyg
ckf1z51og000q3b5ss0mxz026,ckf1yww8lr3rl0br67fgg8pku,https://storage.labelbox.com/ckcc2tzldaw1l0862rlfv4196%2F57804769-15b0-17e9-8adb-854e1655a0f7-MVIMG_20200912_212429.jpg?Expires=1601264248821&KeyName=labelbox-assets-key-1&Signature=BeY_HaCymFMPBlTgzpJDhDAHyzU,"{""objects"":[{""featureId"":""ckf1z511u002y0y7whd1l46pv"",""schemaId"":""ckezhaj4j02wf0y92byrb4ern"",""title"":""GU10"",""value"":""gu10"",""color"":""#1CE6FF"",""bbox"":{""top"":2455,""left"":723,""height"":295,""width"":257},""instanceURI"":""https://api.labelbox.com/masks/feature/ckf1z511u002y0y7whd1l46pv?token=eyJhbGciOiJIUzI1NiIsInR5cCI6IkpXVCJ9.eyJ1c2VySWQiOiJja2NjMnR6bTlpeWZ3MDc3OXBjenF4NWtlIiwib3JnYW5pemF0aW9uSWQiOiJja2NjMnR6bGRhdzFsMDg2MnJsZnY0MTk2IiwiaWF0IjoxNjAwMDU0NjQ4LCJleHAiOjE2MDI2NDY2NDh9.9bFUJago2nRmsCr4MLQQnRr_C6g-hiXF38F_Zt6mAdY""}],""classifications"":[]}",andrewjwalker251@gmail.com,lightbulbs,1600054505000,1600054505000,2.981,MVIMG_20200912_212429.jpg,-1,-1,,,2nd set lightbulbs,[],https://editor.labelbox.com?project=ckezh0p9riwjg0708ynbnp76q&label=ckf1z51og000q3b5ss0mxz026
ckf1z5an9000r3b5sduu0aueh,ckf1yww8mr3rx0br6glds8wn9,https://storage.labelbox.com/ckcc2tzldaw1l0862rlfv4196%2F9319dc84-adb5-f0c8-76b0-d0dd1d2b3b1e-IMG_20200912_212348.jpg?Expires=1601264248821&KeyName=labelbox-assets-key-1&Signature=NV-TJm6HWveDMEsXgiq_DKwzePs,"{""objects"":[{""featureId"":""ckf1z57l3003c0y7wbg7x23sf"",""schemaId"":""ckezhe7rv00to0y7b7a8chubp"",""title"":""E27"",""value"":""e27"",""color"":""#FF34FF"",""bbox"":{""top"":1321,""left"":1128,""height"":868,""width"":956},""instanceURI"":""https://api.labelbox.com/masks/feature/ckf1z57l3003c0y7wbg7x23sf?token=eyJhbGciOiJIUzI1NiIsInR5cCI6IkpXVCJ9.eyJ1c2VySWQiOiJja2NjMnR6bTlpeWZ3MDc3OXBjenF4NWtlIiwib3JnYW5pemF0aW9uSWQiOiJja2NjMnR6bGRhdzFsMDg2MnJsZnY0MTk2IiwiaWF0IjoxNjAwMDU0NjQ4LCJleHAiOjE2MDI2NDY2NDh9.9bFUJago2nRmsCr4MLQQnRr_C6g-hiXF38F_Zt6mAdY""}],""classifications"":[]}",andrewjwalker251@gmail.com,lightbulbs,1600054517000,1600054517000,8.024,IMG_20200912_212348.jpg,-1,-1,,,2nd set lightbulbs,[],https://editor.labelbox.com?project=ckezh0p9riwjg0708ynbnp76q&label=ckf1z5an9000r3b5sduu0aueh
ckf1z5gqv000s3b5s4w3g55h5,ckf1yww8mr3s90br69cru2gch,https://storage.labelbox.com/ckcc2tzldaw1l0862rlfv4196%2F1ac7456e-4bcc-a79a-abe4-1b3c1e95f4c4-IMG_20200912_212332.jpg?Expires=1601264248822&KeyName=labelbox-assets-key-1&Signature=HzPPUSPmfCrnyqGvEX8OAqh8CgM,"{""objects"":[{""featureId"":""ckf1z5g5f01gf0y6shzk15a0t"",""schemaId"":""ckezhe7rv00to0y7b7a8chubp"",""title"":""E27"",""value"":""e27"",""color"":""#FF34FF"",""bbox"":{""top"":1346,""left"":2349,""height"":295,""width"":295},""instanceURI"":""https://api.labelbox.com/masks/feature/ckf1z5g5f01gf0y6shzk15a0t?token=eyJhbGciOiJIUzI1NiIsInR5cCI6IkpXVCJ9.eyJ1c2VySWQiOiJja2NjMnR6bTlpeWZ3MDc3OXBjenF4NWtlIiwib3JnYW5pemF0aW9uSWQiOiJja2NjMnR6bGRhdzFsMDg2MnJsZnY0MTk2IiwiaWF0IjoxNjAwMDU0NjQ4LCJleHAiOjE2MDI2NDY2NDh9.9bFUJago2nRmsCr4MLQQnRr_C6g-hiXF38F_Zt6mAdY""}],""classifications"":[]}",andrewjwalker251@gmail.com,lightbulbs,1600054525000,1600054526000,7.686,IMG_20200912_212332.jpg,-1,-1,,,2nd set lightbulbs,[],https://editor.labelbox.com?project=ckezh0p9riwjg0708ynbnp76q&label=ckf1z5gqv000s3b5s4w3g55h5
ckf1z5qk0000t3b5s699je2pw,ckf1yww8nr3sl0br66xrpauod,https://storage.labelbox.com/ckcc2tzldaw1l0862rlfv4196%2Ffb83a138-3b74-62b5-61b2-7a4fa12c0aef-IMG_20200912_212324.jpg?Expires=1601264248822&KeyName=labelbox-assets-key-1&Signature=pngaB55uHbV2ifpaIWd5vsm8MRE,"{""objects"":[{""featureId"":""ckf1z5pwq01id0y6hh2005cv8"",""schemaId"":""ckezhe7rv00to0y7b7a8chubp"",""title"":""E27"",""value"":""e27"",""color"":""#FF34FF"",""bbox"":{""top"":1464,""left"":1816,""height"":562,""width"":540},""instanceURI"":""https://api.labelbox.com/masks/feature/ckf1z5pwq01id0y6hh2005cv8?token=eyJhbGciOiJIUzI1NiIsInR5cCI6IkpXVCJ9.eyJ1c2VySWQiOiJja2NjMnR6bTlpeWZ3MDc3OXBjenF4NWtlIiwib3JnYW5pemF0aW9uSWQiOiJja2NjMnR6bGRhdzFsMDg2MnJsZnY0MTk2IiwiaWF0IjoxNjAwMDU0NjQ4LCJleHAiOjE2MDI2NDY2NDh9.9bFUJago2nRmsCr4MLQQnRr_C6g-hiXF38F_Zt6mAdY""}],""classifications"":[]}",andrewjwalker251@gmail.com,lightbulbs,1600054538000,1600054538000,4.897,IMG_20200912_212324.jpg,-1,-1,,,2nd set lightbulbs,[],https://editor.labelbox.com?project=ckezh0p9riwjg0708ynbnp76q&label=ckf1z5qk0000t3b5s699je2pw
ckf1z5xr1000u3b5sur7qwccw,ckf1yww8kr3pd0br661a75tfi,https://storage.labelbox.com/ckcc2tzldaw1l0862rlfv4196%2F1d9757b4-21ad-15df-4263-90823537530f-MVIMG_20200912_212530.jpg?Expires=1601264248822&KeyName=labelbox-assets-key-1&Signature=dgGVc6Ja7quMnyiARCmhhmqOZ0I,"{""objects"":[{""featureId"":""ckf1z5x6y025o0y85bzg78szv"",""schemaId"":""ckezhaj4j02wf0y92byrb4ern"",""title"":""GU10"",""value"":""gu10"",""color"":""#1CE6FF"",""bbox"":{""top"":1991,""left"":1088,""height"":612,""width"":542},""instanceURI"":""https://api.labelbox.com/masks/feature/ckf1z5x6y025o0y85bzg78szv?token=eyJhbGciOiJIUzI1NiIsInR5cCI6IkpXVCJ9.eyJ1c2VySWQiOiJja2NjMnR6bTlpeWZ3MDc3OXBjenF4NWtlIiwib3JnYW5pemF0aW9uSWQiOiJja2NjMnR6bGRhdzFsMDg2MnJsZnY0MTk2IiwiaWF0IjoxNjAwMDU0NjQ4LCJleHAiOjE2MDI2NDY2NDh9.9bFUJago2nRmsCr4MLQQnRr_C6g-hiXF38F_Zt6mAdY""}],""classifications"":[]}",andrewjwalker251@gmail.com,lightbulbs,1600054547000,1600054547000,5.758,MVIMG_20200912_212530.jpg,-1,-1,,,2nd set lightbulbs,[],https://editor.labelbox.com?project=ckezh0p9riwjg0708ynbnp76q&label=ckf1z5xr1000u3b5sur7qwccw
ckf1z650m000v3b5sgqyemujr,ckf1yww8nr3sx0br6cwj7asue,https://storage.labelbox.com/ckcc2tzldaw1l0862rlfv4196%2Fef0668c0-82f1-d7bc-8c03-b053279608c0-IMG_20200912_212317.jpg?Expires=1601264248822&KeyName=labelbox-assets-key-1&Signature=yDEChsSpazJhsXYPk6CA6HXUtMs,"{""objects"":[{""featureId"":""ckf1z64cb005r0y7wf8mw9gzh"",""schemaId"":""ckezhe7rv00to0y7b7a8chubp"",""title"":""E27"",""value"":""e27"",""color"":""#FF34FF"",""bbox"":{""top"":1558,""left"":1381,""height"":156,""width"":184},""instanceURI"":""https://api.labelbox.com/masks/feature/ckf1z64cb005r0y7wf8mw9gzh?token=eyJhbGciOiJIUzI1NiIsInR5cCI6IkpXVCJ9.eyJ1c2VySWQiOiJja2NjMnR6bTlpeWZ3MDc3OXBjenF4NWtlIiwib3JnYW5pemF0aW9uSWQiOiJja2NjMnR6bGRhdzFsMDg2MnJsZnY0MTk2IiwiaWF0IjoxNjAwMDU0NjQ4LCJleHAiOjE2MDI2NDY2NDh9.9bFUJago2nRmsCr4MLQQnRr_C6g-hiXF38F_Zt6mAdY""}],""classifications"":[]}",andrewjwalker251@gmail.com,lightbulbs,1600054556000,1600054556000,5.326,IMG_20200912_212317.jpg,-1,-1,,,2nd set lightbulbs,[],https://editor.labelbox.com?project=ckezh0p9riwjg0708ynbnp76q&label=ckf1z650m000v3b5sgqyemujr
ckf1z6au9000w3b5s8nfli8pc,ckf1yww8kr3pp0br6dyl54u8o,https://storage.labelbox.com/ckcc2tzldaw1l0862rlfv4196%2Fcb6e62f3-f79b-78ba-cd1b-34dba5ca6e29-MVIMG_20200912_212525.jpg?Expires=1601264248822&KeyName=labelbox-assets-key-1&Signature=BAe-FBK0tMLgZWKZ8zwit61c0lY,"{""objects"":[{""featureId"":""ckf1z6a9b002s0y6ng2wy4521"",""schemaId"":""ckezhaj4j02wf0y92byrb4ern"",""title"":""GU10"",""value"":""gu10"",""color"":""#1CE6FF"",""bbox"":{""top"":1612,""left"":1072,""height"":172,""width"":372},""instanceURI"":""https://api.labelbox.com/masks/feature/ckf1z6a9b002s0y6ng2wy4521?token=eyJhbGciOiJIUzI1NiIsInR5cCI6IkpXVCJ9.eyJ1c2VySWQiOiJja2NjMnR6bTlpeWZ3MDc3OXBjenF4NWtlIiwib3JnYW5pemF0aW9uSWQiOiJja2NjMnR6bGRhdzFsMDg2MnJsZnY0MTk2IiwiaWF0IjoxNjAwMDU0NjQ4LCJleHAiOjE2MDI2NDY2NDh9.9bFUJago2nRmsCr4MLQQnRr_C6g-hiXF38F_Zt6mAdY""}],""classifications"":[]}",andrewjwalker251@gmail.com,lightbulbs,1600054564000,1600054564000,4.982,MVIMG_20200912_212525.jpg,-1,-1,,,2nd set lightbulbs,[],https://editor.labelbox.com?project=ckezh0p9riwjg0708ynbnp76q&label=ckf1z6au9000w3b5s8nfli8pc
ckf1z6ifa000x3b5sn35hj4ei,ckf1yww8nr3t90br673lvc71l,https://storage.labelbox.com/ckcc2tzldaw1l0862rlfv4196%2Fe09a847f-ceba-6b83-1b55-12aa534a7849-MVIMG_20200912_212258.jpg?Expires=1601264248823&KeyName=labelbox-assets-key-1&Signature=Gj_HTcS2o8GPyBHwEf5aSplDPO0,"{""objects"":[{""featureId"":""ckf1z6hnu01s40y920lxq3p5l"",""schemaId"":""ckezhe7rv00to0y7b7a8chubp"",""title"":""E27"",""value"":""e27"",""color"":""#FF34FF"",""bbox"":{""top"":1802,""left"":1544,""height"":524,""width"":504},""instanceURI"":""https://api.labelbox.com/masks/feature/ckf1z6hnu01s40y920lxq3p5l?token=eyJhbGciOiJIUzI1NiIsInR5cCI6IkpXVCJ9.eyJ1c2VySWQiOiJja2NjMnR6bTlpeWZ3MDc3OXBjenF4NWtlIiwib3JnYW5pemF0aW9uSWQiOiJja2NjMnR6bGRhdzFsMDg2MnJsZnY0MTk2IiwiaWF0IjoxNjAwMDU0NjQ4LCJleHAiOjE2MDI2NDY2NDh9.9bFUJago2nRmsCr4MLQQnRr_C6g-hiXF38F_Zt6mAdY""}],""classifications"":[]}",andrewjwalker251@gmail.com,lightbulbs,1600054574000,1600054574000,6.694,MVIMG_20200912_212258.jpg,-1,-1,,,2nd set lightbulbs,[],https://editor.labelbox.com?project=ckezh0p9riwjg0708ynbnp76q&label=ckf1z6ifa000x3b5sn35hj4ei
ckf1z6nqv000y3b5sm52g6f9g,ckf1yww8kr3q10br69ialdoce,https://storage.labelbox.com/ckcc2tzldaw1l0862rlfv4196%2F7e7905f5-b43e-0b52-ae50-7a2c30f154bf-IMG_20200912_212518.jpg?Expires=1601264248823&KeyName=labelbox-assets-key-1&Signature=FNSnHDl5X7hHjCJz_uqTxkT9mjw,"{""objects"":[{""featureId"":""ckf1z6n2y027c0y85f0rw4aet"",""schemaId"":""ckezhaj4j02wf0y92byrb4ern"",""title"":""GU10"",""value"":""gu10"",""color"":""#1CE6FF"",""bbox"":{""top"":1311,""left"":901,""height"":493,""width"":532},""instanceURI"":""https://api.labelbox.com/masks/feature/ckf1z6n2y027c0y85f0rw4aet?token=eyJhbGciOiJIUzI1NiIsInR5cCI6IkpXVCJ9.eyJ1c2VySWQiOiJja2NjMnR6bTlpeWZ3MDc3OXBjenF4NWtlIiwib3JnYW5pemF0aW9uSWQiOiJja2NjMnR6bGRhdzFsMDg2MnJsZnY0MTk2IiwiaWF0IjoxNjAwMDU0NjQ4LCJleHAiOjE2MDI2NDY2NDh9.9bFUJago2nRmsCr4MLQQnRr_C6g-hiXF38F_Zt6mAdY""}],""classifications"":[]}",andrewjwalker251@gmail.com,lightbulbs,1600054581000,1600054581000,3.205,IMG_20200912_212518.jpg,-1,-1,,,2nd set lightbulbs,[],https://editor.labelbox.com?project=ckezh0p9riwjg0708ynbnp76q&label=ckf1z6nqv000y3b5sm52g6f9g
ckf1z6wi1000z3b5skj8j1v79,ckf1yww8nr3tl0br6hqhg7ucy,https://storage.labelbox.com/ckcc2tzldaw1l0862rlfv4196%2F8a5be379-ce93-8138-dcb1-742b10290dc4-MVIMG_20200912_212251.jpg?Expires=1601264248823&KeyName=labelbox-assets-key-1&Signature=UEzKKb9QwSPDOaFy5wUIzbIgDLI,"{""objects"":[{""featureId"":""ckf1z6vqi027j0y851ue022ab"",""schemaId"":""ckezhe7rv00to0y7b7a8chubp"",""title"":""E27"",""value"":""e27"",""color"":""#FF34FF"",""bbox"":{""top"":1330,""left"":900,""height"":808,""width"":688},""instanceURI"":""https://api.labelbox.com/masks/feature/ckf1z6vqi027j0y851ue022ab?token=eyJhbGciOiJIUzI1NiIsInR5cCI6IkpXVCJ9.eyJ1c2VySWQiOiJja2NjMnR6bTlpeWZ3MDc3OXBjenF4NWtlIiwib3JnYW5pemF0aW9uSWQiOiJja2NjMnR6bGRhdzFsMDg2MnJsZnY0MTk2IiwiaWF0IjoxNjAwMDU0NjQ4LCJleHAiOjE2MDI2NDY2NDh9.9bFUJago2nRmsCr4MLQQnRr_C6g-hiXF38F_Zt6mAdY""}],""classifications"":[]}",andrewjwalker251@gmail.com,lightbulbs,1600054592000,1600054592000,7.664,MVIMG_20200912_212251.jpg,-1,-1,,,2nd set lightbulbs,[],https://editor.labelbox.com?project=ckezh0p9riwjg0708ynbnp76q&label=ckf1z6wi1000z3b5skj8j1v79
ckf1z739200103b5s15z3irxi,ckf1yww8kr3qd0br69swz3sqo,https://storage.labelbox.com/ckcc2tzldaw1l0862rlfv4196%2F7997877f-af85-8ce0-44bf-9d0722e557f0-IMG_20200912_212500.jpg?Expires=1601264248824&KeyName=labelbox-assets-key-1&Signature=9mtQbGhHjdZ0HCMTuse3-SK7nBI,"{""objects"":[{""featureId"":""ckf1z72k3009f0y7w9js9asmv"",""schemaId"":""ckezhaj4j02wf0y92byrb4ern"",""title"":""GU10"",""value"":""gu10"",""color"":""#1CE6FF"",""bbox"":{""top"":2386,""left"":1332,""height"":72,""width"":117},""instanceURI"":""https://api.labelbox.com/masks/feature/ckf1z72k3009f0y7w9js9asmv?token=eyJhbGciOiJIUzI1NiIsInR5cCI6IkpXVCJ9.eyJ1c2VySWQiOiJja2NjMnR6bTlpeWZ3MDc3OXBjenF4NWtlIiwib3JnYW5pemF0aW9uSWQiOiJja2NjMnR6bGRhdzFsMDg2MnJsZnY0MTk2IiwiaWF0IjoxNjAwMDU0NjQ4LCJleHAiOjE2MDI2NDY2NDh9.9bFUJago2nRmsCr4MLQQnRr_C6g-hiXF38F_Zt6mAdY""}],""classifications"":[]}",andrewjwalker251@gmail.com,lightbulbs,1600054601000,1600054602000,8.303,IMG_20200912_212500.jpg,-1,-1,,,2nd set lightbulbs,[],https://editor.labelbox.com?project=ckezh0p9riwjg0708ynbnp76q&label=ckf1z739200103b5s15z3irxi
ckf1z7bfa00113b5ssdb1fd8r,ckf1yww8lr3qp0br61cn56id2,https://storage.labelbox.com/ckcc2tzldaw1l0862rlfv4196%2F55b1fb47-d695-a7d1-46a2-7211f829fe5c-IMG_20200912_212450.jpg?Expires=1601264248825&KeyName=labelbox-assets-key-1&Signature=s4yo3IDSnirgw1tisU7P_rN2O4U,"{""objects"":[{""featureId"":""ckf1z7anq005e0y6nevgb31bw"",""schemaId"":""ckezhaj4j02wf0y92byrb4ern"",""title"":""GU10"",""value"":""gu10"",""color"":""#1CE6FF"",""bbox"":{""top"":1548,""left"":1827,""height"":100,""width"":212},""instanceURI"":""https://api.labelbox.com/masks/feature/ckf1z7anq005e0y6nevgb31bw?token=eyJhbGciOiJIUzI1NiIsInR5cCI6IkpXVCJ9.eyJ1c2VySWQiOiJja2NjMnR6bTlpeWZ3MDc3OXBjenF4NWtlIiwib3JnYW5pemF0aW9uSWQiOiJja2NjMnR6bGRhdzFsMDg2MnJsZnY0MTk2IiwiaWF0IjoxNjAwMDU0NjQ4LCJleHAiOjE2MDI2NDY2NDh9.9bFUJago2nRmsCr4MLQQnRr_C6g-hiXF38F_Zt6mAdY""}],""classifications"":[]}",andrewjwalker251@gmail.com,lightbulbs,1600054612000,1600054612000,5.17,IMG_20200912_212450.jpg,-1,-1,,,2nd set lightbulbs,[],https://editor.labelbox.com?project=ckezh0p9riwjg0708ynbnp76q&label=ckf1z7bfa00113b5ssdb1fd8r
ckf1z7hbz00123b5suqsq3q43,ckf1yww8lr3r10br6e28q54kg,https://storage.labelbox.com/ckcc2tzldaw1l0862rlfv4196%2Fcb25d78f-7940-0e47-43bb-8816acb201a2-IMG_20200912_212442.jpg?Expires=1601264248825&KeyName=labelbox-assets-key-1&Signature=gSJyIbOcrf-2bzzeoPruhISpW9Q,"{""objects"":[{""featureId"":""ckf1z7gts01md0y6h6my9cin6"",""schemaId"":""ckezhaj4j02wf0y92byrb4ern"",""title"":""GU10"",""value"":""gu10"",""color"":""#1CE6FF"",""bbox"":{""top"":1659,""left"":1778,""height"":121,""width"":121},""instanceURI"":""https://api.labelbox.com/masks/feature/ckf1z7gts01md0y6h6my9cin6?token=eyJhbGciOiJIUzI1NiIsInR5cCI6IkpXVCJ9.eyJ1c2VySWQiOiJja2NjMnR6bTlpeWZ3MDc3OXBjenF4NWtlIiwib3JnYW5pemF0aW9uSWQiOiJja2NjMnR6bGRhdzFsMDg2MnJsZnY0MTk2IiwiaWF0IjoxNjAwMDU0NjQ4LCJleHAiOjE2MDI2NDY2NDh9.9bFUJago2nRmsCr4MLQQnRr_C6g-hiXF38F_Zt6mAdY""}],""classifications"":[]}",andrewjwalker251@gmail.com,lightbulbs,1600054619000,1600054619000,3.111,IMG_20200912_212442.jpg,-1,-1,,,2nd set lightbulbs,[],https://editor.labelbox.com?project=ckezh0p9riwjg0708ynbnp76q&label=ckf1z7hbz00123b5suqsq3q43
ckf1z7nhj00133b5suqm5dtsq,ckf1yww8lr3rd0br60x3v33iz,https://storage.labelbox.com/ckcc2tzldaw1l0862rlfv4196%2Fbaea30ad-067f-5418-1ee6-7ab0be891296-MVIMG_20200912_212434.jpg?Expires=1601264248825&KeyName=labelbox-assets-key-1&Signature=Pdks3HlYjY02WJqRWQ13REj8e38,"{""objects"":[{""featureId"":""ckf1z7mtv00br0y7w1myeblkt"",""schemaId"":""ckezhaj4j02wf0y92byrb4ern"",""title"":""GU10"",""value"":""gu10"",""color"":""#1CE6FF"",""bbox"":{""top"":1405,""left"":367,""height"":273,""width"":148},""instanceURI"":""https://api.labelbox.com/masks/feature/ckf1z7mtv00br0y7w1myeblkt?token=eyJhbGciOiJIUzI1NiIsInR5cCI6IkpXVCJ9.eyJ1c2VySWQiOiJja2NjMnR6bTlpeWZ3MDc3OXBjenF4NWtlIiwib3JnYW5pemF0aW9uSWQiOiJja2NjMnR6bGRhdzFsMDg2MnJsZnY0MTk2IiwiaWF0IjoxNjAwMDU0NjQ4LCJleHAiOjE2MDI2NDY2NDh9.9bFUJago2nRmsCr4MLQQnRr_C6g-hiXF38F_Zt6mAdY""}],""classifications"":[]}",andrewjwalker251@gmail.com,lightbulbs,1600054627000,1600054627000,3.747,MVIMG_20200912_212434.jpg,-1,-1,,,2nd set lightbulbs,[],https://editor.labelbox.com?project=ckezh0p9riwjg0708ynbnp76q&label=ckf1z7nhj00133b5suqm5dtsq
ckf1z7ujx00143b5sdabvunvj,ckf1yww8lr3rp0br6bscb8m6z,https://storage.labelbox.com/ckcc2tzldaw1l0862rlfv4196%2F00f398de-0798-06e9-1323-06236497e2fa-MVIMG_20200912_212351.jpg?Expires=1601264248825&KeyName=labelbox-assets-key-1&Signature=UaOYe9nHyVQ8YkLtIS3Q-erpZyE,"{""objects"":[{""featureId"":""ckf1z7tt501vb0y929kwe30dd"",""schemaId"":""ckezhe7rv00to0y7b7a8chubp"",""title"":""E27"",""value"":""e27"",""color"":""#FF34FF"",""bbox"":{""top"":1745,""left"":704,""height"":710,""width"":690},""instanceURI"":""https://api.labelbox.com/masks/feature/ckf1z7tt501vb0y929kwe30dd?token=eyJhbGciOiJIUzI1NiIsInR5cCI6IkpXVCJ9.eyJ1c2VySWQiOiJja2NjMnR6bTlpeWZ3MDc3OXBjenF4NWtlIiwib3JnYW5pemF0aW9uSWQiOiJja2NjMnR6bGRhdzFsMDg2MnJsZnY0MTk2IiwiaWF0IjoxNjAwMDU0NjQ4LCJleHAiOjE2MDI2NDY2NDh9.9bFUJago2nRmsCr4MLQQnRr_C6g-hiXF38F_Zt6mAdY""}],""classifications"":[]}",andrewjwalker251@gmail.com,lightbulbs,1600054636000,1600054636000,5.657,MVIMG_20200912_212351.jpg,-1,-1,,,2nd set lightbulbs,[],https://editor.labelbox.com?project=ckezh0p9riwjg0708ynbnp76q&label=ckf1z7ujx00143b5sdabvunvj
